id,title,old_price,price,href,brand,category
171124220,Кабель Oculus Link для Oculus Quest,6990,5990,https://rozetka.com.ua/ua/171124220/p171124220/,Oculus,Аксесуари для окулярів віртуальної реальності
211813201,Кріплення для Oculus Touch (ефект кастетів),0,740,https://rozetka.com.ua/ua/211813201/p211813201/,Accessories,Аксесуари для окулярів віртуальної реальності
343681666,Кейс для Oculus Quest 2 (Jilin),2863,2016,https://rozetka.com.ua/ua/343681666/p343681666/,Oculus,Аксесуари для окулярів віртуальної реальності
333086137,Накладка Oculus Quest 2 лицьова (бренд Folem),660,623,https://rozetka.com.ua/ua/333086137/p333086137/,,Аксесуари для окулярів віртуальної реальності
319225327,"Маніпулятор мечів, ножів та палиць (Beat Saber) для Oculus Quest 2/1/Rift S",0,1890,https://rozetka.com.ua/ua/319225327/p319225327/,Accessories,Аксесуари для окулярів віртуальної реальності
185402925,Кейс (сумка) для Oculus Quest,0,1590,https://rozetka.com.ua/ua/185402925/p185402925/,Accessories,Аксесуари для окулярів віртуальної реальності
342420172,Набір захисту 6-в-1 для Oculus Quest 2 White,0,1890,https://rozetka.com.ua/ua/342420172/p342420172/,Accessories,Аксесуари для окулярів віртуальної реальності
338967064,Тактильний жилет TactSuit X16 (Tactot),0,26890,https://rozetka.com.ua/ua/338967064/p338967064/,,Аксесуари для окулярів віртуальної реальності
342420121,Магнітна зарядна станція з акумуляторами для Oculus Quest 2,0,2490,https://rozetka.com.ua/ua/342420121/p342420121/,Accessories,Аксесуари для окулярів віртуальної реальності
360842424,VR стенд з функцією бездротової зарядки,0,2390,https://rozetka.com.ua/ua/360842424/p360842424/,Accessories,Аксесуари для окулярів віртуальної реальності
350224689,Батарея BOBOVR B2 - M2 Pro,0,2485,https://rozetka.com.ua/ua/350224689/p350224689/,BOBOVR,Аксесуари для окулярів віртуальної реальності
319225336,Набір для Beat Saber,0,1290,https://rozetka.com.ua/ua/319225336/p319225336/,Accessories,Аксесуари для окулярів віртуальної реальності
327759013,Зброя з магнітними кріпленнями для Oculus Quest 2,0,5290,https://rozetka.com.ua/ua/327759013/p327759013/,Accessories,Аксесуари для окулярів віртуальної реальності
342648790,Інфрачервоне світло нічного бачення для Oculus Quest 2 V1,0,1490,https://rozetka.com.ua/ua/342648790/p342648790/,Accessories,Аксесуари для окулярів віртуальної реальності
342648796,Антивідблискові лінзи від втоми + регулятор зіниць + кришки для Oculus Quest 2,2990,2490,https://rozetka.com.ua/ua/342648796/p342648796/,Accessories,Аксесуари для окулярів віртуальної реальності
354384096,Захист контролерів та шолома Oculus Quest 2 білий/чорний,0,2798,https://rozetka.com.ua/ua/354384096/p354384096/,Oculus,Аксесуари для окулярів віртуальної реальності
360655299,Батарея до кріплень BOBOVR для Oculus Quest 2,0,2890,https://rozetka.com.ua/ua/360655299/p360655299/,BOBOVR,Аксесуари для окулярів віртуальної реальності
319225333,Накладка на голову для Oculus Quest 2,0,990,https://rozetka.com.ua/ua/319225333/p319225333/,Accessories,Аксесуари для окулярів віртуальної реальності
342648775,Інфрачервоне світло нічного бачення для Oculus Quest 2 V2,0,1990,https://rozetka.com.ua/ua/342648775/p342648775/,Accessories,Аксесуари для окулярів віртуальної реальності
360655305,BOBOVR M1 PLUS з батареєю для Oculus Quest 2,0,4990,https://rozetka.com.ua/ua/360655305/p360655305/,BOBOVR,Аксесуари для окулярів віртуальної реальності
358642281,Док-станція BINBOK для Oculus Quest 2,0,6235,https://rozetka.com.ua/ua/358642281/p358642281/,Binbok,Аксесуари для окулярів віртуальної реальності
338967055,Щітка для очищення Oculus Quest 2 / Quest / Rift S / HTC Vive / Cosmos / Valve Index,0,250,https://rozetka.com.ua/ua/338967055/p338967055/,Accessories,Аксесуари для окулярів віртуальної реальності
343681672,Oculus Quest 2 M2 Head Strap Pro Battery BoboVR,0,6235,https://rozetka.com.ua/ua/343681672/p343681672/,BOBOVR,Аксесуари для окулярів віртуальної реальності
171124185,Правий контролер Oculus Touch для Quest/Rift S,0,5490,https://rozetka.com.ua/ua/171124185/p171124185/,Oculus,Аксесуари для окулярів віртуальної реальності
360842403,Набір для Beat Saber з RGB підсвічуванням для Oculus Quest 2,0,1890,https://rozetka.com.ua/ua/360842403/p360842403/,Accessories,Аксесуари для окулярів віртуальної реальності
299642963,Трекер HTC Vive Tracker 3.0,0,9990,https://rozetka.com.ua/ua/299642963/p299642963/,HTC,Аксесуари для окулярів віртуальної реальності
318051652,Регульоване кріплення ремінь на голову для Oculus Quest 2 (голова),0,1790,https://rozetka.com.ua/ua/318051652/p318051652/,Accessories,Аксесуари для окулярів віртуальної реальності
342648763,Накладні навушники для Oculus Quest 2 (FIIT),0,1690,https://rozetka.com.ua/ua/342648763/p342648763/,Accessories,Аксесуари для окулярів віртуальної реальності
360842418,Сенсор нічного бачення (інфрачервоне світло) для Oculus Quest 2,0,2790,https://rozetka.com.ua/ua/360842418/p360842418/,Accessories,Аксесуари для окулярів віртуальної реальності
342420169,Набір захисту 6-в-1 для Oculus Quest 2 Black,0,1890,https://rozetka.com.ua/ua/342420169/p342420169/,Accessories,Аксесуари для окулярів віртуальної реальності
360655320,Ремінь кріплення BOBOVR M2 для Oculus Quest 2,0,2990,https://rozetka.com.ua/ua/360655320/p360655320/,BOBOVR,Аксесуари для окулярів віртуальної реальності
360655308,Комплект кріплення з батареєю BOBOVR B2 Dock для Oculus Quest 2,0,3290,https://rozetka.com.ua/ua/360655308/p360655308/,BOBOVR,Аксесуари для окулярів віртуальної реальності
348168630,Зарядна станція Anker для Oculus Quest 2,8990,7990,https://rozetka.com.ua/ua/348168630/p348168630/,Anker,Аксесуари для окулярів віртуальної реальності
171124241,Контролери для Valve Index,0,20990,https://rozetka.com.ua/ua/171124241/p171124241/,Valve,Аксесуари для окулярів віртуальної реальності
346169245,Платформа KAT Walk C,0,93990,https://rozetka.com.ua/ua/346169245/p346169245/,Kat,Аксесуари для окулярів віртуальної реальності
342420133,"Подовжений силіконовий чохол з панелями, що відкриваються, і кільцем для контролерів Oculus Quest 2 Black",0,3290,https://rozetka.com.ua/ua/342420133/p342420133/,Kiwi,Аксесуари для окулярів віртуальної реальності
350224728,Набір аксесуарів для Meta Quest 2,0,2798,https://rozetka.com.ua/ua/350224728/p350224728/,Oculus,Аксесуари для окулярів віртуальної реальності
350224716,Вентильована маска BOBOVR F2 для Oculus Quest 2,0,4516,https://rozetka.com.ua/ua/350224716/p350224716/,BOBOVR,Аксесуари для окулярів віртуальної реальності
342420109,Кейс чохол BOBOVR C2 для Oculus Quest 2,0,3690,https://rozetka.com.ua/ua/342420109/p342420109/,BOBOVR,Аксесуари для окулярів віртуальної реальності
342420181,Пов'язка маска для Oculus Quest 1 та 2 / HTC Vive / Valve Index / HP Reverb G2,620,490,https://rozetka.com.ua/ua/342420181/p342420181/,Accessories,Аксесуари для окулярів віртуальної реальності
358642278,Кейс BOBOVR для Oculus Quest 2,0,4673,https://rozetka.com.ua/ua/358642278/p358642278/,BOBOVR,Аксесуари для окулярів віртуальної реальності
318051643,Силіконовий чохол + ремінці + ковпачки для Oculus Quest 2,0,1290,https://rozetka.com.ua/ua/318051643/p318051643/,Accessories,Аксесуари для окулярів віртуальної реальності
111631160,Особові гігієнічні накладки VR Accessories для HTC Vive,0,990,https://rozetka.com.ua/ua/111631160/p111631160/,Accessories,Аксесуари для окулярів віртуальної реальності
285016118,Сумка для Oculus Quest 2,0,2490,https://rozetka.com.ua/ua/285016118/p285016118/,Accessories,Аксесуари для окулярів віртуальної реальності
338967082,Зовнішній акумулятор для Oculus Quest 2/1 Чорний,0,1070,https://rozetka.com.ua/ua/338967082/p338967082/,Accessories,Аксесуари для окулярів віртуальної реальності
342648769,Кришка з ремінцями для контролерів HP Reverb G2,0,1290,https://rozetka.com.ua/ua/342648769/p342648769/,Accessories,Аксесуари для окулярів віртуальної реальності
327759046,Силіконова маска (прибирає просвіт) із текстурою для Oculus Quest 2,0,890,https://rozetka.com.ua/ua/327759046/p327759046/,Accessories,Аксесуари для окулярів віртуальної реальності
327759037,Набір накладок для Oculus Quest 2,0,1790,https://rozetka.com.ua/ua/327759037/p327759037/,Accessories,Аксесуари для окулярів віртуальної реальності
111631154,Комплект стельових кріплень кабелю окулярів віртуальної реальності VR Accessories,0,1690,https://rozetka.com.ua/ua/111631154/p111631154/,Accessories,Аксесуари для окулярів віртуальної реальності
350224713,Док-станция Anker для Oculus Quest 2,0,10454,https://rozetka.com.ua/ua/350224713/p350224713/,Anker,Аксесуари для окулярів віртуальної реальності
360276969,Кейс для Oculus Quest 1 / 2 Сірий,0,1590,https://rozetka.com.ua/ua/360276969/p360276969/,Accessories,Аксесуари для окулярів віртуальної реальності
338967079,Перехідник адаптер Type-C на USB (type A - type C),299,250,https://rozetka.com.ua/ua/338967079/p338967079/,Accessories,Аксесуари для окулярів віртуальної реальності
327759034,Поліпшене кріплення на голову для Oculus Quest 2,0,2390,https://rozetka.com.ua/ua/327759034/p327759034/,Accessories,Аксесуари для окулярів віртуальної реальності
342420139,Мультиточкове кріплення ремінь із батареями для Oculus Quest 2,0,3890,https://rozetka.com.ua/ua/342420139/p342420139/,Accessories,Аксесуари для окулярів віртуальної реальності
255590461,Кріплення Oculus Quest 2 Elite Strap,4990,4590,https://rozetka.com.ua/ua/255590461/p255590461/,Oculus,Аксесуари для окулярів віртуальної реальності
342420157,BOBOVR M2 Pro кріплення зі знімною батареєю для Oculus Quest 2,0,4890,https://rozetka.com.ua/ua/342420157/p342420157/,BOBOVR,Аксесуари для окулярів віртуальної реальності
345407587,BOBOVR M2 Pro кріплення для Oculus Quest 2 із зовнішнім акумулятором,0,4235,https://rozetka.com.ua/ua/345407587/p345407587/,Bobo,Аксесуари для окулярів віртуальної реальності
333086131,"BOBOVR M2 PLUS ремінець, кріплення голови для Oculus Quest 2, комплектація Basic",3091,2827,https://rozetka.com.ua/ua/333086131/p333086131/,Bobo,Аксесуари для окулярів віртуальної реальності
358642269,Сет аксесуарів BOBOVR,14363,14829,https://rozetka.com.ua/ua/358642269/p358642269/,BOBOVR,Аксесуари для окулярів віртуальної реальності
311193188,Кріплення Oculus Quest 2 для голови регульоване від GOMVR,0,1595,https://rozetka.com.ua/ua/311193188/p311193188/,,Аксесуари для окулярів віртуальної реальності
360953418,Бездротові VR навушники Soundcore VR P10 by Anker для Oculus Quest 2,0,8190,https://rozetka.com.ua/ua/360953418/p360953418/,BOBOVR,Аксесуари для окулярів віртуальної реальності
211813159,Бездротовий адаптер для HTC Vive Cosmos,0,20990,https://rozetka.com.ua/ua/211813159/p211813159/,HTC,Аксесуари для окулярів віртуальної реальності
339350410,Контролери Valve Index Controllers knuckles,0,31235,https://rozetka.com.ua/ua/339350410/p339350410/,Valve,Аксесуари для окулярів віртуальної реальності
342648787,"VR пістолети з пружиною (курок, постріл, перезаряд) для Oculus Quest 2 White",0,1990,https://rozetka.com.ua/ua/342648787/p342648787/,Accessories,Аксесуари для окулярів віртуальної реальності
350224707,KIWI design Upgraded Elite Strap,0,5923,https://rozetka.com.ua/ua/350224707/p350224707/,Kiwi,Аксесуари для окулярів віртуальної реальності
360842427,Набір силіконового захисту (шипи) для Oculus Quest 2 Black,0,2120,https://rozetka.com.ua/ua/360842427/p360842427/,Accessories,Аксесуари для окулярів віртуальної реальності
361246623,Гейнер з набором обтяжувачів для Oculus Quest 2 (Meta),0,2790,https://rozetka.com.ua/ua/361246623/p361246623/,Accessories,Аксесуари для окулярів віртуальної реальності
327759028,Маніпулятор настільного тенісу (пінг понгу) для Oculus Quest 2,0,1490,https://rozetka.com.ua/ua/327759028/p327759028/,Accessories,Аксесуари для окулярів віртуальної реальності
361246620,BOBOVR M1 PLUS кріплення на голову для Oculus Quest 2,0,2990,https://rozetka.com.ua/ua/361246620/p361246620/,BOBOVR,Аксесуари для окулярів віртуальної реальності
342420148,Кріплення під Deluxe Audio для Oculus Quest 2,0,620,https://rozetka.com.ua/ua/342420148/p342420148/,Accessories,Аксесуари для окулярів віртуальної реальності
354055569,Трекер для HTC Vive 3.0,0,11391,https://rozetka.com.ua/ua/354055569/p354055569/,HTC,Аксесуари для окулярів віртуальної реальності
360655323,Преміум зарядна RGB станція (підставка) для Oculus Quest 1/2,0,3490,https://rozetka.com.ua/ua/360655323/p360655323/,Accessories,Аксесуари для окулярів віртуальної реальності
360842394,Накладні навушники HBL для Oculus Quest 2,0,1390,https://rozetka.com.ua/ua/360842394/p360842394/,Accessories,Аксесуари для окулярів віртуальної реальності
318051640,Набір ремінців для контролерів Oculus Quest 2,0,740,https://rozetka.com.ua/ua/318051640/p318051640/,Accessories,Аксесуари для окулярів віртуальної реальності
339350389,Кабель Oculus Quest 2 Link Type C - Type C,0,7798,https://rozetka.com.ua/ua/339350389/p339350389/,Oculus,Аксесуари для окулярів віртуальної реальності
318051646,Силіконовий чохол для ручок контролерів Oculus Quest 2,0,990,https://rozetka.com.ua/ua/318051646/p318051646/,Accessories,Аксесуари для окулярів віртуальної реальності
111631202,Контролер для HTC Vive,0,7790,https://rozetka.com.ua/ua/111631202/p111631202/,HTC,Аксесуари для окулярів віртуальної реальності
333086134,Зарядна док станція для бездротової зарядки Oculus Quest 2,0,1573,https://rozetka.com.ua/ua/333086134/p333086134/,,Аксесуари для окулярів віртуальної реальності
350224746,Oculus Link Type C - Type C,0,3110,https://rozetka.com.ua/ua/350224746/p350224746/,TNE,Аксесуари для окулярів віртуальної реальності
236275273,KAT Loco Motion Controllers,0,10990,https://rozetka.com.ua/ua/236275273/p236275273/,Kat,Аксесуари для окулярів віртуальної реальності
171124206,Комплект стельових кріплень кабелю гарнітури,0,2790,https://rozetka.com.ua/ua/171124206/p171124206/,Accessories,Аксесуари для окулярів віртуальної реальності
360842442,Ключка контролер VR гольф для Oculus Quest 2,0,2890,https://rozetka.com.ua/ua/360842442/p360842442/,Accessories,Аксесуари для окулярів віртуальної реальності
357704070,Стельові кріплення KIWI design для кабелю VR Окулярів віртуальної реальності - Комплект 6 штук,2749,2566,https://rozetka.com.ua/ua/357704070/p357704070/,Kiwi,Аксесуари для окулярів віртуальної реальності
350224731,Кабель KIWI design Type A - Type C,0,3110,https://rozetka.com.ua/ua/350224731/p350224731/,Kiwi,Аксесуари для окулярів віртуальної реальності
360842451,Перчатки VR бокс для Oculus Quest 2,0,1990,https://rozetka.com.ua/ua/360842451/p360842451/,Accessories,Аксесуари для окулярів віртуальної реальності
360842439,Силіконовий чохол на шолом (окуляри) Oculus Quest 2,0,890,https://rozetka.com.ua/ua/360842439/p360842439/,Accessories,Аксесуари для окулярів віртуальної реальності
360842460,Захисний подовжений чохол із батарейними відсіками для контролерів Oculus Quest 2 White,0,1690,https://rozetka.com.ua/ua/360842460/p360842460/,Accessories,Аксесуари для окулярів віртуальної реальності
360842463,Захисні рамки (бампер) для контролерів Oculus Quest 2 Black,0,740,https://rozetka.com.ua/ua/360842463/p360842463/,Accessories,Аксесуари для окулярів віртуальної реальності
285016093,Зарядна станція + підставка Premium Wood Top для контролерів Valve Index VR,0,4620,https://rozetka.com.ua/ua/285016093/p285016093/,Accessories,Аксесуари для окулярів віртуальної реальності
318051655,Регульоване кріплення ремінь на голову для Oculus Quest (голова),0,2240,https://rozetka.com.ua/ua/318051655/p318051655/,Accessories,Аксесуари для окулярів віртуальної реальності
354384069,Контролер для HTC Vive,9863,7016,https://rozetka.com.ua/ua/354384069/p354384069/,HTC,Аксесуари для окулярів віртуальної реальності
111631238,Базова станція для HTC Vive,0,10490,https://rozetka.com.ua/ua/111631238/p111631238/,HTC,Аксесуари для окулярів віртуальної реальності
360655302,Зарядна станція BOBOVR D2 для Oculus Quest 2,0,4490,https://rozetka.com.ua/ua/360655302/p360655302/,BOBOVR,Аксесуари для окулярів віртуальної реальності
360655311,Кріплення (ремінь) із знімною батареєю для Oculus Quest 2 - BOBOVR M1 Pro,0,4490,https://rozetka.com.ua/ua/360655311/p360655311/,BOBOVR,Аксесуари для окулярів віртуальної реальності
255590441,Кейс для Oculus Quest 2,4890,4290,https://rozetka.com.ua/ua/255590441/p255590441/,Oculus,Аксесуари для окулярів віртуальної реальності
342648784,Набір зовнішніх акумуляторів із зарядною підставкою для Oculus Quest 2 / 1,0,2490,https://rozetka.com.ua/ua/342648784/p342648784/,Accessories,Аксесуари для окулярів віртуальної реальності
360842412,VR зброя для Oculus Quest 2 / 1,0,3690,https://rozetka.com.ua/ua/360842412/p360842412/,Accessories,Аксесуари для окулярів віртуальної реальності
360842415,М'які накладки зі збільшеним FOV для Oculus Quest 2,0,1890,https://rozetka.com.ua/ua/360842415/p360842415/,Accessories,Аксесуари для окулярів віртуальної реальності
361246617,Кондиціонер + зовнішній акумулятор (2500mAh) для Oculus Quest 2,0,2990,https://rozetka.com.ua/ua/361246617/p361246617/,Accessories,Аксесуари для окулярів віртуальної реальності
111631214,Базова станція для HTC Vive Pro,0,10990,https://rozetka.com.ua/ua/111631214/p111631214/,HTC,Аксесуари для окулярів віртуальної реальності
342648778,"VR пістолети з пружиною (курок, постріл, перезаряд) для Oculus Quest 2 Black",0,1990,https://rozetka.com.ua/ua/342648778/p342648778/,Accessories,Аксесуари для окулярів віртуальної реальності
342420151,Лівий контролер для Oculus Quest 2,0,8590,https://rozetka.com.ua/ua/342420151/p342420151/,Oculus,Аксесуари для окулярів віртуальної реальності
342420142,Складане кріплення ремінь для Oculus Quest 2 (FIIT),0,2190,https://rozetka.com.ua/ua/342420142/p342420142/,Accessories,Аксесуари для окулярів віртуальної реальності
360842391,Кріплення (ремінь) із вбудованими навушниками для Oculus Quest 2,0,3190,https://rozetka.com.ua/ua/360842391/p360842391/,Accessories,Аксесуари для окулярів віртуальної реальності
327759019,Навушники для Oculus Quest 2,0,1590,https://rozetka.com.ua/ua/327759019/p327759019/,Accessories,Аксесуари для окулярів віртуальної реальності
338967085,Ремінець для powerbank для Oculus Quest 2 / 1,0,740,https://rozetka.com.ua/ua/338967085/p338967085/,Accessories,Аксесуари для окулярів віртуальної реальності
343681669,Чохол для VR окулярів Oculus Quest 2 Backpack White Sarlar,4988,4829,https://rozetka.com.ua/ua/343681669/p343681669/,Oculus,Аксесуари для окулярів віртуальної реальності
360655314,Вентильована маска для Oculus Quest 2 - BOBOVR F2,0,3290,https://rozetka.com.ua/ua/360655314/p360655314/,BOBOVR,Аксесуари для окулярів віртуальної реальності
327759031,Покращене кріплення PRO + кейс для Oculus Quest 2,0,3590,https://rozetka.com.ua/ua/327759031/p327759031/,Accessories,Аксесуари для окулярів віртуальної реальності
111631112,Комплект кріплень VR Accessories для Vive Tracker,0,2990,https://rozetka.com.ua/ua/111631112/p111631112/,Accessories,Аксесуари для окулярів віртуальної реальності
338967076,KAT Station: Система керування контентом,0,175000,https://rozetka.com.ua/ua/338967076/p338967076/,Kat,Аксесуари для окулярів віртуальної реальності
318051661,Захисний чохол для контролерів Oculus Quest 2,0,890,https://rozetka.com.ua/ua/318051661/p318051661/,Accessories,Аксесуари для окулярів віртуальної реальності
319225330,Антивідблискові лінзи (+рами) від втоми для Oculus Quest 2,0,1890,https://rozetka.com.ua/ua/319225330/p319225330/,Accessories,Аксесуари для окулярів віртуальної реальності
111631232,Бездротовий адаптер для HTC Vive Pro,0,20990,https://rozetka.com.ua/ua/111631232/p111631232/,HTC,Аксесуари для окулярів віртуальної реальності
361246626,Ремінь кріплення BOBOVR M2 PLUS (upgraded M2) для Oculus Quest 2,0,3690,https://rozetka.com.ua/ua/361246626/p361246626/,BOBOVR,Аксесуари для окулярів віртуальної реальності
285016078,"Маніпулятор настільного тенісу для Oculus Touch (Rift S, Quest)",0,1590,https://rozetka.com.ua/ua/285016078/p285016078/,Accessories,Аксесуари для окулярів віртуальної реальності
360842433,Захисний подовжений чохол із батарейними відсіками для контролерів Oculus Quest 2 Black,0,1690,https://rozetka.com.ua/ua/360842433/p360842433/,Accessories,Аксесуари для окулярів віртуальної реальності
354384087,Кріплення на руки/ноги для Vive Tracker,0,1548,https://rozetka.com.ua/ua/354384087/p354384087/,HTC,Аксесуари для окулярів віртуальної реальності
360655317,"Набір BOBOVR M2 PLUS Twin Battery Combo (кріплення, зарядна станція, 2 батареї) для Oculus Quest 2",0,9120,https://rozetka.com.ua/ua/360655317/p360655317/,BOBOVR,Аксесуари для окулярів віртуальної реальності
255590456,Кріплення Oculus Quest 2 Elite Strap with Battery + Кейс,11590,9990,https://rozetka.com.ua/ua/255590456/p255590456/,Oculus,Аксесуари для окулярів віртуальної реальності
350224692,Контролер для Oculus Quest 2,11238,10923,https://rozetka.com.ua/ua/350224692/p350224692/,Oculus,Аксесуари для окулярів віртуальної реальності
319225339,Стельове кріплення для кабелю VR окулярів (4 метри),0,570,https://rozetka.com.ua/ua/319225339/p319225339/,Accessories,Аксесуари для окулярів віртуальної реальності
211813189,Фронтальна панель зовнішнього трекінгу для Vive Cosmos,0,11240,https://rozetka.com.ua/ua/211813189/p211813189/,HTC,Аксесуари для окулярів віртуальної реальності
111631244,Кабель 3-in-1 для HTC Vive,0,6290,https://rozetka.com.ua/ua/111631244/p111631244/,HTC,Аксесуари для окулярів віртуальної реальності
111631130,Стельове кріплення кабелю окулярів віртуальної реальності VR Accessories,0,490,https://rozetka.com.ua/ua/111631130/p111631130/,Accessories,Аксесуари для окулярів віртуальної реальності
111631178,Універсальне кріплення VR Accessories для базових станцій Vive/Vive Pro,0,740,https://rozetka.com.ua/ua/111631178/p111631178/,Accessories,Аксесуари для окулярів віртуальної реальності
354384090,Лицьова накладка для HTC Vive Pro Pro 2 збільшує кут огляду (FOV),0,4204,https://rozetka.com.ua/ua/354384090/p354384090/,HTC,Аксесуари для окулярів віртуальної реальності
111631166,Одноразові лицьові накладки VR Accessories для окулярів віртуальної реальності,0,1290,https://rozetka.com.ua/ua/111631166/p111631166/,Accessories,Аксесуари для окулярів віртуальної реальності
239192023,Транспортувальний чохол для Oculus Rift S,0,2120,https://rozetka.com.ua/ua/239192023/p239192023/,Accessories,Аксесуари для окулярів віртуальної реальності
327759040,Мягкая накладка на голову для Oculus Quest,0,990,https://rozetka.com.ua/ua/327759040/p327759040/,Accessories,Аксесуари для окулярів віртуальної реальності
338967091,Захисна плівка для лінз Valve Index + захист об'єктива,0,620,https://rozetka.com.ua/ua/338967091/p338967091/,Accessories,Аксесуари для окулярів віртуальної реальності
342420160,Правий контролер для Oculus Quest 2,0,8590,https://rozetka.com.ua/ua/342420160/p342420160/,Oculus,Аксесуари для окулярів віртуальної реальності
321662254,Комплект стельових кріплень кабелю гарнітури VIP,0,2790,https://rozetka.com.ua/ua/321662254/p321662254/,Accessories,Аксесуари для окулярів віртуальної реальності
319225345,Настінне кріплення для VR окулярів (шоломів),0,2120,https://rozetka.com.ua/ua/319225345/p319225345/,Accessories,Аксесуари для окулярів віртуальної реальності
321662248,Ремінь балансу для Oculus Quest (1 та 2),0,740,https://rozetka.com.ua/ua/321662248/p321662248/,Accessories,Аксесуари для окулярів віртуальної реальності
343681663,Стельові кріплення від KIWI design,0,4360,https://rozetka.com.ua/ua/343681663/p343681663/,Kiwi,Аксесуари для окулярів віртуальної реальності
342420124,Запасний комплект для Oculus Quest 2,0,2190,https://rozetka.com.ua/ua/342420124/p342420124/,Oculus,Аксесуари для окулярів віртуальної реальності
236275267,Кабель для Valve Index,0,9690,https://rozetka.com.ua/ua/236275267/p236275267/,Valve,Аксесуари для окулярів віртуальної реальності
111631196,Кріплення HTC Vive Deluxe Audio,0,8490,https://rozetka.com.ua/ua/111631196/p111631196/,HTC,Аксесуари для окулярів віртуальної реальності
111631226,Link Box для / HTC Vive,0,4240,https://rozetka.com.ua/ua/111631226/p111631226/,HTC,Аксесуари для окулярів віртуальної реальності
147957552,Кабель для HTC Vive Pro,0,6990,https://rozetka.com.ua/ua/147957552/p147957552/,HTC,Аксесуари для окулярів віртуальної реальності
354055563,Захист окулярів для Oculus quest2 від Kiwi Design,3238,1235,https://rozetka.com.ua/ua/354055563/p354055563/,Oculus,Аксесуари для окулярів віртуальної реальності
147957510,Link Box для / HTC Vive Pro,0,4240,https://rozetka.com.ua/ua/147957510/p147957510/,HTC,Аксесуари для окулярів віртуальної реальності
338967073,Взуття для KAT Walk C Shoes,0,4620,https://rozetka.com.ua/ua/338967073/p338967073/,Kat,Аксесуари для окулярів віртуальної реальності
354384066,Адаптер UGreen Type-A до Type-C Silver,0,766,https://rozetka.com.ua/ua/354384066/p354384066/,Oculus,Аксесуари для окулярів віртуальної реальності
343681699,Контролер для HTC Vive Pro,10113,10454,https://rozetka.com.ua/ua/343681699/p343681699/,HTC,Аксесуари для окулярів віртуальної реальності
339350407,Кріплення Oculus Quest 2 Elite Strap with Battery and Carrying Case,9363,11235,https://rozetka.com.ua/ua/339350407/p339350407/,Oculus,Аксесуари для окулярів віртуальної реальності
342420163,Адаптер живлення з роз'ємом USB-C (10 Вт) для Oculus Quest 2,0,2120,https://rozetka.com.ua/ua/342420163/p342420163/,Oculus,Аксесуари для окулярів віртуальної реальності
343681696,Кріплення Oculus Quest 2 Elite Strap with Battery,0,8579,https://rozetka.com.ua/ua/343681696/p343681696/,Oculus,Аксесуари для окулярів віртуальної реальності
346169251,Трекер лица Vive,0,10990,https://rozetka.com.ua/ua/346169251/p346169251/,HTC,Аксесуари для окулярів віртуальної реальності
350224743,Кріплення Oculus Quest 2 Elite Strap,0,5923,https://rozetka.com.ua/ua/350224743/p350224743/,Oculus,Аксесуари для окулярів віртуальної реальності
327759043,Телескопічні стельові утримувачі для сенсорів (базових станцій),0,2620,https://rozetka.com.ua/ua/327759043/p327759043/,Accessories,Аксесуари для окулярів віртуальної реальності
338967094,Набір накладок 4 в 1 для HP Reverb G2,0,1990,https://rozetka.com.ua/ua/338967094/p338967094/,Accessories,Аксесуари для окулярів віртуальної реальності
342420136,Гантелі для Oculus Quest 2,0,3290,https://rozetka.com.ua/ua/342420136/p342420136/,Accessories,Аксесуари для окулярів віртуальної реальності
342420184,Чохол на шолом (окуляри) Oculus Quest 2 (тип 2) Black,0,890,https://rozetka.com.ua/ua/342420184/p342420184/,Accessories,Аксесуари для окулярів віртуальної реальності
342648766,Підставка для VR окулярів (модерн) Black,0,1390,https://rozetka.com.ua/ua/342648766/p342648766/,Accessories,Аксесуари для окулярів віртуальної реальності
354384099,Набір для Beat Saber AMVR,0,4048,https://rozetka.com.ua/ua/354384099/p354384099/,Oculus,Аксесуари для окулярів віртуальної реальності
255590451,Комплект накладок для Oculus Quest 2,0,4990,https://rozetka.com.ua/ua/255590451/p255590451/,Oculus,Аксесуари для окулярів віртуальної реальності
343681693,Автомат BeswinVR Haptic VR Gun,34363,42016,https://rozetka.com.ua/ua/343681693/p343681693/,,Аксесуари для окулярів віртуальної реальності
111631118,Гігієнічні накладки VR Accessories для HTC Vive Pro,0,1620,https://rozetka.com.ua/ua/111631118/p111631118/,Accessories,Аксесуари для окулярів віртуальної реальності
343681678,Сумка для Oculus Quest 2 TypeCase Чорний,6238,4516,https://rozetka.com.ua/ua/343681678/p343681678/,Oculus,Аксесуари для окулярів віртуальної реальності
354384075,Настінна зарядна станція Premium Vood для Valve Index,0,5766,https://rozetka.com.ua/ua/354384075/p354384075/,,Аксесуари для окулярів віртуальної реальності
327759010,Силіконова накладка на вуха Oculus Quest 2,0,1240,https://rozetka.com.ua/ua/327759010/p327759010/,Accessories,Аксесуари для окулярів віртуальної реальності
318051658,"Набір гігієнічних накладок ""4 в 1"" для Valve Index",0,1620,https://rozetka.com.ua/ua/318051658/p318051658/,Accessories,Аксесуари для окулярів віртуальної реальності
331362829,Бездротовий пульт дистанційного керування Чорний (sv0993),0,245,https://rozetka.com.ua/ua/331362829/p331362829/,SV,Аксесуари для окулярів віртуальної реальності
354384078,Лицевая накладка от KIWI designe для Oculus Quest 2,0,3891,https://rozetka.com.ua/ua/354384078/p354384078/,Kiwi,Аксесуари для окулярів віртуальної реальності
343681681,Рюкзак для Oculus Quest 2,0,4829,https://rozetka.com.ua/ua/343681681/p343681681/,Oculus,Аксесуари для окулярів віртуальної реальності
343681675,Oculus Quest 2 Carrying Case,5113,4673,https://rozetka.com.ua/ua/343681675/p343681675/,Oculus,Аксесуари для окулярів віртуальної реальності
171124199,Набір Vive Cosmos Wireless Adapter Attachment Kit,0,5000,https://rozetka.com.ua/ua/171124199/p171124199/,HTC,Аксесуари для окулярів віртуальної реальності
333086140,Ремінці для фіксації контролерів Oculus Quest 2,0,407,https://rozetka.com.ua/ua/333086140/p333086140/,,Аксесуари для окулярів віртуальної реальності
357704073,Стельові кріплення KIWI design для кабелю VR Окулярів віртуальної реальності - 1 штука,647,598,https://rozetka.com.ua/ua/357704073/p357704073/,Kiwi,Аксесуари для окулярів віртуальної реальності
211813183,Захисна плівка для лінз Oculus Quest | Oculus Rift S | Oculus Quest 2 (4шт.),0,550,https://rozetka.com.ua/ua/211813183/p211813183/,Accessories,Аксесуари для окулярів віртуальної реальності
355434510,BOBO VR F2 (upgrade) вентилятор для Oculus Quest 2 від запотівання лінз,0,2639,https://rozetka.com.ua/ua/355434510/p355434510/,Bobo,Аксесуари для окулярів віртуальної реальності
350224722,Кріплення BOBOVR M2 Head Strap для Oculus Quest 2,0,5923,https://rozetka.com.ua/ua/350224722/p350224722/,BOBOVR,Аксесуари для окулярів віртуальної реальності
211813171,Силіконова маска для Oculus Quest (прибирає просвіт),0,740,https://rozetka.com.ua/ua/211813171/p211813171/,Accessories,Аксесуари для окулярів віртуальної реальності
111631172,Комплект стійок VR Accessories для базових станцій HTC Vive/Vive Pro,0,2990,https://rozetka.com.ua/ua/111631172/p111631172/,Accessories,Аксесуари для окулярів віртуальної реальності
360842397,"Алюмінієвий подовжений геймпад маніпулятор мечів, ключок, палиць Quest 2 / 1 / Rift S",0,3290,https://rozetka.com.ua/ua/360842397/p360842397/,Accessories,Аксесуари для окулярів віртуальної реальності
360842400,Ілюмінатор інфрачервоного світла з тонуванням для Oculus Quest 2,0,1990,https://rozetka.com.ua/ua/360842400/p360842400/,Accessories,Аксесуари для окулярів віртуальної реальності
360842409,Дихаючий кронштейн із накладками для Oculus Quest 2 (Upd),0,2890,https://rozetka.com.ua/ua/360842409/p360842409/,Accessories,Аксесуари для окулярів віртуальної реальності
360842406,VR риболовля (адаптер вудочки спіннінга) для Oculus Quest 2,0,2890,https://rozetka.com.ua/ua/360842406/p360842406/,Accessories,Аксесуари для окулярів віртуальної реальності
342420115,Кріплення Oculus Quest 2 Elite Strap із Батареєю,0,7490,https://rozetka.com.ua/ua/342420115/p342420115/,Oculus,Аксесуари для окулярів віртуальної реальності
342420118,"Подовжений силіконовий чохол з панелями, що відкриваються, і кільцем для контролерів Oculus Quest 2 White",0,3290,https://rozetka.com.ua/ua/342420118/p342420118/,Accessories,Аксесуари для окулярів віртуальної реальності
338230489,Пульт для VR окулярів Shinecon SC-B03 (Чорний),395,299,https://rozetka.com.ua/ua/338230489/p338230489/,Shinecon,Аксесуари для окулярів віртуальної реальності
339665800,Пульт для VR окулярів Shinecon SC-B03 (Чорний),0,299,https://rozetka.com.ua/ua/339665800/p339665800/,Shinecon,Аксесуари для окулярів віртуальної реальності
339797818,"Кейс для Oculus Quest 2 і 1, сумка, футляр",1804,1408,https://rozetka.com.ua/ua/339797818/p339797818/,,Аксесуари для окулярів віртуальної реальності
339103522,Пульт керування для VR окулярів Shinecon SC-B03 Bluetooth Чорний,0,329,https://rozetka.com.ua/ua/339103522/p339103522/,Shinecon,Аксесуари для окулярів віртуальної реальності
338967058,Сумка для Oculus Quest 2,0,2490,https://rozetka.com.ua/ua/338967058/p338967058/,Accessories,Аксесуари для окулярів віртуальної реальності
327759022,Набір накладок 5 в 1 для Oculus Quest,0,1690,https://rozetka.com.ua/ua/327759022/p327759022/,Accessories,Аксесуари для окулярів віртуальної реальності
342420130,Ударостійкий кейс для Oculus Quest 2,0,3290,https://rozetka.com.ua/ua/342420130/p342420130/,Accessories,Аксесуари для окулярів віртуальної реальності
342420154,Система охолодження для Valve Index Upd,0,1390,https://rozetka.com.ua/ua/342420154/p342420154/,Accessories,Аксесуари для окулярів віртуальної реальності
342420166,М'який ремінь для гарнітури Oculus Quest 2,0,2690,https://rozetka.com.ua/ua/342420166/p342420166/,Oculus,Аксесуари для окулярів віртуальної реальності
342420178,Чохол на шолом (окуляри) Oculus Quest 2 (тип 2) White,0,890,https://rozetka.com.ua/ua/342420178/p342420178/,Accessories,Аксесуари для окулярів віртуальної реальності
342648781,Рюкзак для Oculus Quest 2 Black,0,3590,https://rozetka.com.ua/ua/342648781/p342648781/,Accessories,Аксесуари для окулярів віртуальної реальності
342648760,Підставка для VR окулярів (модерн) White,0,1390,https://rozetka.com.ua/ua/342648760/p342648760/,Accessories,Аксесуари для окулярів віртуальної реальності
342648772,Дихаючий кронштейн з фітнес-накладками для Oculus Quest 2,0,3690,https://rozetka.com.ua/ua/342648772/p342648772/,Accessories,Аксесуари для окулярів віртуальної реальності
342648793,Рюкзак для Oculus Quest 2 / 1,0,2990,https://rozetka.com.ua/ua/342648793/p342648793/,Accessories,Аксесуари для окулярів віртуальної реальності
111631034,Захисний чохол HYPERKIN для шолома HTC Vive (синій),0,990,https://rozetka.com.ua/ua/111631034/p111631034/,HYPERKIN,Аксесуари для окулярів віртуальної реальності
111631190,Набір Vive Pro Wireless Adapter Attachment Kit,0,5000,https://rozetka.com.ua/ua/111631190/p111631190/,HTC,Аксесуари для окулярів віртуальної реальності
158529834,Пульт для окулярів доповненої реальності VR Park Y1 white,220,329,https://rozetka.com.ua/ua/158529834/p158529834/,,Аксесуари для окулярів віртуальної реальності
211813147,Правий контролер для HTC Vive Cosmos,0,6240,https://rozetka.com.ua/ua/211813147/p211813147/,HTC,Аксесуари для окулярів віртуальної реальності
185402918,Особові накладки для Oculus Rift S (гігієнічні),0,1600,https://rozetka.com.ua/ua/185402918/p185402918/,Accessories,Аксесуари для окулярів віртуальної реальності
211813207,Лівий контролер для HTC Vive Cosmos,0,6240,https://rozetka.com.ua/ua/211813207/p211813207/,HTC,Аксесуари для окулярів віртуальної реальності
171124234,Кріплення PowerBank для Oculus Quest / HTC Vive | Cosmos | Pro,0,1290,https://rozetka.com.ua/ua/171124234/p171124234/,Accessories,Аксесуари для окулярів віртуальної реальності
318051664,Лицьова накладка для Valve Index,0,2690,https://rozetka.com.ua/ua/318051664/p318051664/,Valve,Аксесуари для окулярів віртуальної реальності
239191999,Кейс (чохол) для Oculus Rift S,0,2120,https://rozetka.com.ua/ua/239191999/p239191999/,Accessories,Аксесуари для окулярів віртуальної реальності
236275261,Фланелева шкіряні накладки для Oculus Quest,0,1990,https://rozetka.com.ua/ua/236275261/p236275261/,Accessories,Аксесуари для окулярів віртуальної реальності
285016108,Настінна вішалка для Oculus Quest (1 і 2),0,1120,https://rozetka.com.ua/ua/285016108/p285016108/,Accessories,Аксесуари для окулярів віртуальної реальності
343681684,Комплект стійок для базових станцій,0,3891,https://rozetka.com.ua/ua/343681684/p343681684/,HTC,Аксесуари для окулярів віртуальної реальності
327759007,Чохол на шолом (окуляри) Oculus Quest 2,0,890,https://rozetka.com.ua/ua/327759007/p327759007/,Accessories,Аксесуари для окулярів віртуальної реальності
343681690,Oculus Quest 2 Fit Pack,0,4204,https://rozetka.com.ua/ua/343681690/p343681690/,Oculus,Аксесуари для окулярів віртуальної реальності
343681687,Сенсор для HTC Vive Pro/Valve Index 2.0 (Base Station),0,13891,https://rozetka.com.ua/ua/343681687/p343681687/,HTC,Аксесуари для окулярів віртуальної реальності
350224740,BOBOVR Twin Charger Station,0,5298,https://rozetka.com.ua/ua/350224740/p350224740/,BOBOVR,Аксесуари для окулярів віртуальної реальності
350224695,Лицьова накладка Valve Index,0,3891,https://rozetka.com.ua/ua/350224695/p350224695/,Valve,Аксесуари для окулярів віртуальної реальності
354055578,Пістолет Hyper Blaster для VIVE Tracker,0,18735,https://rozetka.com.ua/ua/354055578/p354055578/,HTC,Аксесуари для окулярів віртуальної реальності
354055587,Кабель HTC Vive Pro,0,10298,https://rozetka.com.ua/ua/354055587/p354055587/,HTC,Аксесуари для окулярів віртуальної реальності
354384063,Настільна док станція Premium Wood Top для контролерів Valve Index,0,4360,https://rozetka.com.ua/ua/354384063/p354384063/,Valve,Аксесуари для окулярів віртуальної реальності
354384072,Захисна плівка для окулярів віртуальної реальності 2шт,0,610,https://rozetka.com.ua/ua/354384072/p354384072/,,Аксесуари для окулярів віртуальної реальності
354384093,Кабель для Valve Index VR,0,13110,https://rozetka.com.ua/ua/354384093/p354384093/,,Аксесуари для окулярів віртуальної реальності
354384084,Система охолодження для Valve Index від KIWI designe,0,4985,https://rozetka.com.ua/ua/354384084/p354384084/,Kiwi,Аксесуари для окулярів віртуальної реальності
354384102,Лицьові гігієнічні накладки для HTC Vive Pro тонкі,2113,610,https://rozetka.com.ua/ua/354384102/p354384102/,HTC,Аксесуари для окулярів віртуальної реальності
354384081,Лицьова накладка для Valve index від KIWI designe,3863,3891,https://rozetka.com.ua/ua/354384081/p354384081/,Kiwi,Аксесуари для окулярів віртуальної реальності
354384108,Набір ракеток для Vive Tracker,0,766,https://rozetka.com.ua/ua/354384108/p354384108/,,Аксесуари для окулярів віртуальної реальності
354384111,Одноразові накладки для HTC Vive (100шт),0,2954,https://rozetka.com.ua/ua/354384111/p354384111/,HTC,Аксесуари для окулярів віртуальної реальності
354384105,Трекер HTC Vive,10238,7485,https://rozetka.com.ua/ua/354384105/p354384105/,HTC,Аксесуари для окулярів віртуальної реальності
358642275,Зарядна станція AMVR для Valve knuckles,0,6235,https://rozetka.com.ua/ua/358642275/p358642275/,AMVR,Аксесуари для окулярів віртуальної реальності
360842430,Захисні рамки (бампер) для контролерів Oculus Quest 2 White,0,740,https://rozetka.com.ua/ua/360842430/p360842430/,Accessories,Аксесуари для окулярів віртуальної реальності
358642272,Захисні рами та чохли для контролерів HTC Vive/Vive Pro,2238,1548,https://rozetka.com.ua/ua/358642272/p358642272/,HTC,Аксесуари для окулярів віртуальної реальності
354384114,Кріплення на стіну для HTC Vive,0,766,https://rozetka.com.ua/ua/354384114/p354384114/,HTC,Аксесуари для окулярів віртуальної реальності
360842448,Кріплення (ремінь) з акумулятором та RGB підсвіткою для Oculus Quest 2,0,2990,https://rozetka.com.ua/ua/360842448/p360842448/,Accessories,Аксесуари для окулярів віртуальної реальності
360842457,Система охолодження (вентилятор) для Oculus Quest 2,0,2990,https://rozetka.com.ua/ua/360842457/p360842457/,Accessories,Аксесуари для окулярів віртуальної реальності
360842466,BOBOVR F2 (upgrade) – вентильована фітнес маска для Oculus Quest 2,0,4290,https://rozetka.com.ua/ua/360842466/p360842466/,BOBOVR,Аксесуари для окулярів віртуальної реальності
302286173,Контролер для окулярів віртуальної реальності VR Luxe Cube Black (8886668686181),0,238,https://rozetka.com.ua/ua/302286173/p302286173/,Luxe Cube,Аксесуари для окулярів віртуальної реальності
362323425,Перехідник адаптер Type-C на USB (type A - type C) Red,299,250,https://rozetka.com.ua/ua/362323425/p362323425/,Accessories,Аксесуари для окулярів віртуальної реальності
362323428,Перехідник адаптер Type-C на USB (type A - type C) Rose,299,250,https://rozetka.com.ua/ua/362323428/p362323428/,Accessories,Аксесуари для окулярів віртуальної реальності
301185263,Контролер для окулярів віртуальної реальності VR Luxe Cube Black (8886668686181),0,259,https://rozetka.com.ua/ua/301185263/p301185263/,Luxe Cube,Аксесуари для окулярів віртуальної реальності
362323431,Перехідник адаптер Type-C на USB (type A - type C) Grey,299,250,https://rozetka.com.ua/ua/362323431/p362323431/,Accessories,Аксесуари для окулярів віртуальної реальності
268091746,"Пульт для 3D очок Shinecon VR SC-B03, чорний",0,320,https://rozetka.com.ua/ua/268091746/p268091746/,,Аксесуари для окулярів віртуальної реальності
362323434,Перехідник адаптер Type-C на USB (type A - type C) Gold,299,250,https://rozetka.com.ua/ua/362323434/p362323434/,Accessories,Аксесуари для окулярів віртуальної реальності
87721294,Пульт Bluetooth Controller Gamepad 2.0,0,390,https://rozetka.com.ua/ua/87721294/p87721294/,Authentic,Аксесуари для окулярів віртуальної реальності
252881466,Пульт для 3D очок Shinecon VR SC-B03 чорний,370,362,https://rozetka.com.ua/ua/252881466/p252881466/,,Аксесуари для окулярів віртуальної реальності
342648799,Рюкзак для Oculus Quest 2 Grey,0,3590,https://rozetka.com.ua/ua/342648799/p342648799/,Accessories,Аксесуари для окулярів віртуальної реальності
338967070,Сумка серебряная для Oculus Quest 2,0,1390,https://rozetka.com.ua/ua/338967070/p338967070/,Accessories,Аксесуари для окулярів віртуальної реальності
354055581,Обтяжувачі контролерів для Oculus Quest 2 від KIWI design,4363,3579,https://rozetka.com.ua/ua/354055581/p354055581/,Kiwi,Аксесуари для окулярів віртуальної реальності
348164226,Джойстик Bluetooth для VR box Універсальний,257,134,https://rozetka.com.ua/ua/348164226/p348164226/,Без бренда,Аксесуари для окулярів віртуальної реальності
342420145,Тактильний жилет TactSuit X40 (Tactot),0,31290,https://rozetka.com.ua/ua/342420145/p342420145/,,Аксесуари для окулярів віртуальної реальності
338967088,Захисна плівка для лінз Valve Index + захист об'єктива Плюс,0,690,https://rozetka.com.ua/ua/338967088/p338967088/,Accessories,Аксесуари для окулярів віртуальної реальності
354248757,Трекер HTC Vive Tracker 3.0 Чорний,10349,8999,https://rozetka.com.ua/ua/354248757/p354248757/,HTC,Аксесуари для окулярів віртуальної реальності
342420127,Запасной набор с накладкой и поролоновой прослойкой для Oculus Quest 2,0,2990,https://rozetka.com.ua/ua/342420127/p342420127/,Accessories,Аксесуари для окулярів віртуальної реальності
179134565,Пульт для окулярів доповненої реальності VR Park Y1 black,220,329,https://rozetka.com.ua/ua/179134565/p179134565/,,Аксесуари для окулярів віртуальної реальності
111631208,Бездротовий адаптер для HTC Vive,0,14990,https://rozetka.com.ua/ua/111631208/p111631208/,HTC,Аксесуари для окулярів віртуальної реальності
240544783,Контролер oculus touch controller,0,3849,https://rozetka.com.ua/ua/240544783/p240544783/,Oculus,Аксесуари для окулярів віртуальної реальності
354055566,Набір кріплень для HTC Vive Tracker,0,2954,https://rozetka.com.ua/ua/354055566/p354055566/,HTC,Аксесуари для окулярів віртуальної реальності
285016083,Зарядна станція Valve Index VR (настінна),0,5390,https://rozetka.com.ua/ua/285016083/p285016083/,Accessories,Аксесуари для окулярів віртуальної реальності
111631136,Підставка VR Accessories для HTC Vive/Vive Pro,0,1490,https://rozetka.com.ua/ua/111631136/p111631136/,Accessories,Аксесуари для окулярів віртуальної реальності
285016103,"Захисний чохол з затяжками для Oculus Touch (Oculus Quest, Rift S)",0,1790,https://rozetka.com.ua/ua/285016103/p285016103/,Accessories,Аксесуари для окулярів віртуальної реальності
285016088,"Універсальна підставка для всіх VR очок (Oculus, Valve Index, HTC Vive, Pimax)",0,1740,https://rozetka.com.ua/ua/285016088/p285016088/,Accessories,Аксесуари для окулярів віртуальної реальності
170837976,Окуляри віртуальної реальності VR BOX 2.0 PRO 3D,0,416,https://rozetka.com.ua/ua/170837976/p170837976/,Trix Trux,Аксесуари для окулярів віртуальної реальності
171124213,Лицьова накладка для Oculus Rift S,0,1480,https://rozetka.com.ua/ua/171124213/p171124213/,Oculus,Аксесуари для окулярів віртуальної реальності
171124178,Лицьова накладка для Oculus Quest,0,1480,https://rozetka.com.ua/ua/171124178/p171124178/,Oculus,Аксесуари для окулярів віртуальної реальності
171124227,"Набір для Oculus Rift S (особові накладки, пилезахисний маска, накладка для носа)",0,1590,https://rozetka.com.ua/ua/171124227/p171124227/,Accessories,Аксесуари для окулярів віртуальної реальності
185402932,Кейс (сумка) для Valve Index,0,4090,https://rozetka.com.ua/ua/185402932/p185402932/,Accessories,Аксесуари для окулярів віртуальної реальності
185402911,Кейс (сумка) для Oculus Rift S,0,2620,https://rozetka.com.ua/ua/185402911/p185402911/,Accessories,Аксесуари для окулярів віртуальної реальності
211813153,Подовжувач кабелю HTC Vive Pro (20м.),0,22490,https://rozetka.com.ua/ua/211813153/p211813153/,HTC,Аксесуари для окулярів віртуальної реальності
211813195,Конвертер для HTC Vive Cosmos,0,3790,https://rozetka.com.ua/ua/211813195/p211813195/,HTC,Аксесуари для окулярів віртуальної реальності
211813177,Кейс для Valve Index,0,2090,https://rozetka.com.ua/ua/211813177/p211813177/,Accessories,Аксесуари для окулярів віртуальної реальності
228839209,Автомат доповненої реальності AR Gun Game AR-805,0,916,https://rozetka.com.ua/ua/228839209/p228839209/,Trix Trux,Аксесуари для окулярів віртуальної реальності
228840763,Дротовий ігровий USB джойстик Gamepad,0,472,https://rozetka.com.ua/ua/228840763/p228840763/,,Аксесуари для окулярів віртуальної реальності
236275249,Дорожній футляр (кейс) для Oculus Quest,2690,1990,https://rozetka.com.ua/ua/236275249/p236275249/,Oculus,Аксесуари для окулярів віртуальної реальності
236275255,Фронтальна панель Inside-Out трекінгу для Vive Cosmos,0,10990,https://rozetka.com.ua/ua/236275255/p236275255/,HTC,Аксесуари для окулярів віртуальної реальності
304075958,Джойстик Пульт для окулярів віртуальної реальності HLV VR BOX Bluetooth 7212 White,0,114,https://rozetka.com.ua/ua/304075958/p304075958/,HLV,Аксесуари для окулярів віртуальної реальності
255590436,Кабель для Pimax,0,3590,https://rozetka.com.ua/ua/255590436/p255590436/,Pimax,Аксесуари для окулярів віртуальної реальності
285016113,Сумка (чохол) для Oculus Quest 2,0,1890,https://rozetka.com.ua/ua/285016113/p285016113/,Accessories,Аксесуари для окулярів віртуальної реальності
319225348,Дизайнерський ремінь (кріплення) на голову для Oculus Quest 2,0,2390,https://rozetka.com.ua/ua/319225348/p319225348/,Accessories,Аксесуари для окулярів віртуальної реальності
321662251,"Підставка універсальна для VR окулярів (Oculus, Valve Index, Pimax)",0,1740,https://rozetka.com.ua/ua/321662251/p321662251/,Accessories,Аксесуари для окулярів віртуальної реальності
321662257,"Підставка універсальна для VR окулярів (Oculus, Valve Index, HTC Vive)",0,1740,https://rozetka.com.ua/ua/321662257/p321662257/,Accessories,Аксесуари для окулярів віртуальної реальності
321662260,Регулируемое крепление ремень на голову для Oculus Quest 2,0,2370,https://rozetka.com.ua/ua/321662260/p321662260/,Accessories,Аксесуари для окулярів віртуальної реальності
327759025,Маніпулятори пістолети для Oculus Quest 2,0,1890,https://rozetka.com.ua/ua/327759025/p327759025/,Accessories,Аксесуари для окулярів віртуальної реальності
321662263,"Підставка універсальна для VR окулярів (Oculus, HTC Vive, Pimax)",0,1740,https://rozetka.com.ua/ua/321662263/p321662263/,Accessories,Аксесуари для окулярів віртуальної реальності
338967067,Зовнішній акумулятор для Oculus Quest 2/1 Білий,0,1080,https://rozetka.com.ua/ua/338967067/p338967067/,Accessories,Аксесуари для окулярів віртуальної реальності
327759016,Силиконовая маска для Valve Index,0,1090,https://rozetka.com.ua/ua/327759016/p327759016/,Accessories,Аксесуари для окулярів віртуальної реальності
327839224,Джойстик пульт Bluetooth для VR box,217,152,https://rozetka.com.ua/ua/327839224/p327839224/,Без бренда,Аксесуари для окулярів віртуальної реальності
338967052,Система охолодження для Valve Index,0,2120,https://rozetka.com.ua/ua/338967052/p338967052/,Accessories,Аксесуари для окулярів віртуальної реальності
338967061,Защитный кожух (чехол) на шлем Valve Index,0,1990,https://rozetka.com.ua/ua/338967061/p338967061/,Accessories,Аксесуари для окулярів віртуальної реальності
338967049,Маніпулятори пістолети для Oculus Quest 2 Чорні,0,1890,https://rozetka.com.ua/ua/338967049/p338967049/,Accessories,Аксесуари для окулярів віртуальної реальності
171124248,Дополнительная батарея для Oculus Quest,0,2290,https://rozetka.com.ua/ua/171124248/p171124248/,VRNRGY,Аксесуари для окулярів віртуальної реальності
171124192,Лівий контролер Oculus Touch для Quest/Rift S,0,5490,https://rozetka.com.ua/ua/171124192/p171124192/,Oculus,Аксесуари для окулярів віртуальної реальності
111631142,Захисні рами і чохли VR Accessories для контролерів HTC Vive/Vive Pro,0,1850,https://rozetka.com.ua/ua/111631142/p111631142/,Accessories,Аксесуари для окулярів віртуальної реальності
360842445,Магнітна зарядна станція з акумуляторами для Oculus Quest 2,0,2890,https://rozetka.com.ua/ua/360842445/p360842445/,Accessories,Аксесуари для окулярів віртуальної реальності
354055572,Док станція Oculus Quest 2 Esimene,4488,2173,https://rozetka.com.ua/ua/354055572/p354055572/,Oculus,Аксесуари для окулярів віртуальної реальності
342420112,Преміум пістолети для Oculus Quest 2,0,2120,https://rozetka.com.ua/ua/342420112/p342420112/,Accessories,Аксесуари для окулярів віртуальної реальності
342420175,Зарядна станція з індикацією для контролерів Oculus Quest 2,0,2090,https://rozetka.com.ua/ua/342420175/p342420175/,Accessories,Аксесуари для окулярів віртуальної реальності
150131654,Нейрогарнитура NeuroSky MindWave Mobile 2,0,5360,https://rozetka.com.ua/ua/150131654/p150131654/,,Аксесуари для окулярів віртуальної реальності
361855809,Бездротовий адаптер для Meta Quest 2 D-Link VR Air Bridge,0,7690,https://rozetka.com.ua/ua/361855809/p361855809/,D-Link,Аксесуари для окулярів віртуальної реальності
185402939,Кабель для Oculus Rift S,0,5990,https://rozetka.com.ua/ua/185402939/p185402939/,Oculus,Аксесуари для окулярів віртуальної реальності
185402946,Підставка для Oculus Quest і Oculus Rift S,0,1590,https://rozetka.com.ua/ua/185402946/p185402946/,Accessories,Аксесуари для окулярів віртуальної реальності
349654968,Шолом віртуальної реальності окуляри 3D Virtual VR Box з пультом керування 2-го покоління для Android / IOS,0,978,https://rozetka.com.ua/ua/349654968/p349654968/,,Аксесуари для окулярів віртуальної реальності
318051649,"Підставка універсальна для VR окулярів (Oculus, Valve Index, HTC Vive, Pimax)",0,1740,https://rozetka.com.ua/ua/318051649/p318051649/,Accessories,Аксесуари для окулярів віртуальної реальності
211813165,"Захисний силіконовий чохол з рамою для Oculus Touch (Oculus Quest, Rift S)",0,1240,https://rozetka.com.ua/ua/211813165/p211813165/,Accessories,Аксесуари для окулярів віртуальної реальності
360842436,"Футляр сумка (чохол, кейс) меланж для Oculus Quest 2",0,1490,https://rozetka.com.ua/ua/360842436/p360842436/,Accessories,Аксесуари для окулярів віртуальної реальності
360842454,Набір силіконового захисту (шипи) для Oculus Quest 2 White,0,2120,https://rozetka.com.ua/ua/360842454/p360842454/,Accessories,Аксесуари для окулярів віртуальної реальності
147957538,Батарея для бездротового адаптера HTC Vive/Vive Pro,0,4790,https://rozetka.com.ua/ua/147957538/p147957538/,HTC,Аксесуари для окулярів віртуальної реальності
357230463,Кабель PowerPlant USB3.2 Gen1 для VR Oculus Quest 2 5 м (CA913244),0,0,https://rozetka.com.ua/ua/powerplant-ca913244/p357230463/,PowerPlant,Аксесуари для окулярів віртуальної реальності
99395980,Кріплення HTC Vive Deluxe Audio: аудіокабель з навушниками (для системи Vive 1.0) (99HAMR002-00),4499,3999,https://rozetka.com.ua/ua/htc_99hamr002_00/p99395980/,HTC,Аксесуари для окулярів віртуальної реальності
111631010,Захисний чохол HYPERKIN для HTC Vive Pro (червоний),0,1060,https://rozetka.com.ua/ua/111631010/p111631010/,HYPERKIN,Аксесуари для окулярів віртуальної реальності
99392464,Бездротовий контролер HTC Vive (для систем Vive 1.0 b Vive Pro 2.0) (99HAFR005-00),4999,4655,https://rozetka.com.ua/ua/htc_99hafr005_00/p99392464/,HTC,Аксесуари для окулярів віртуальної реальності
99395188,Контролер насадка HTC Vive Tracker (для систем Vive 1.0 та Vive Pro 2.0) (99HANL010-00),4299,3765,https://rozetka.com.ua/ua/htc_99hanl010_00/p99395188/,HTC,Аксесуари для окулярів віртуальної реальності
357230466,Кабель PowerPlant USB3.2 Gen1 Type-C для VR Oculus Quest 2 5 м (CA913732),0,0,https://rozetka.com.ua/ua/powerplant-ca913732/p357230466/,PowerPlant,Аксесуари для окулярів віртуальної реальності
99395986,Комплект кабелів під'єднання HTC Vive TYCO 3-in-1 (для системи Vive 1.0) (99H20342-00),0,2099,https://rozetka.com.ua/ua/htc_99h20342_00/p99395986/,HTC,Аксесуари для окулярів віртуальної реальності
111631016,Захисні чохли HYPERKIN для контролерів HTC Vive/Vive Pro (зелені),0,990,https://rozetka.com.ua/ua/111631016/p111631016/,HYPERKIN,Аксесуари для окулярів віртуальної реальності
111631022,Захисний чохол HYPERKIN для HTC Vive Pro (сірий),0,1060,https://rozetka.com.ua/ua/111631022/p111631022/,HYPERKIN,Аксесуари для окулярів віртуальної реальності
111631052,Захисний чохол HYPERKIN для шолома HTC Vive (зелений),0,990,https://rozetka.com.ua/ua/111631052/p111631052/,HYPERKIN,Аксесуари для окулярів віртуальної реальності
111631028,Ігровий контролер Kat VR Gun,0,1690,https://rozetka.com.ua/ua/111631028/p111631028/,Kat VR_old,Аксесуари для окулярів віртуальної реальності
111631058,Захисні чохли HYPERKIN для контролерів HTC Vive/Vive Pro (сині),0,990,https://rozetka.com.ua/ua/111631058/p111631058/,HYPERKIN,Аксесуари для окулярів віртуальної реальності
111631046,Захисний чохол HYPERKIN для HTC Vive Pro (синій),0,1060,https://rozetka.com.ua/ua/111631046/p111631046/,HYPERKIN,Аксесуари для окулярів віртуальної реальності
111631064,Захисні чохли HYPERKIN для контролерів HTC Vive/Vive Pro (червоні),0,990,https://rozetka.com.ua/ua/111631064/p111631064/,HYPERKIN,Аксесуари для окулярів віртуальної реальності
111631070,Захисний чохол HYPERKIN для шолома HTC Vive (червоний),0,990,https://rozetka.com.ua/ua/111631070/p111631070/,HYPERKIN,Аксесуари для окулярів віртуальної реальності
111631040,Захисний чохол HYPERKIN для шолома HTC Vive (сірий),0,990,https://rozetka.com.ua/ua/111631040/p111631040/,HYPERKIN,Аксесуари для окулярів віртуальної реальності
111631082,Захисні чохли HYPERKIN для контролерів HTC Vive/Vive Pro (білі),0,990,https://rozetka.com.ua/ua/111631082/p111631082/,HYPERKIN,Аксесуари для окулярів віртуальної реальності
111631076,Захисні чохли HYPERKIN для контролерів HTC Vive/Vive Pro (сірі),0,990,https://rozetka.com.ua/ua/111631076/p111631076/,HYPERKIN,Аксесуари для окулярів віртуальної реальності
111631094,Захисний чохол HYPERKIN для шолома HTC Vive (білий),0,990,https://rozetka.com.ua/ua/111631094/p111631094/,HYPERKIN,Аксесуари для окулярів віртуальної реальності
111631088,Захисний чохол HYPERKIN для HTC Vive Pro (білий),0,1060,https://rozetka.com.ua/ua/111631088/p111631088/,HYPERKIN,Аксесуари для окулярів віртуальної реальності
111631100,Особові гігієнічні накладки VR Accessories для HTC Vive Pro,0,1990,https://rozetka.com.ua/ua/111631100/p111631100/,Accessories,Аксесуари для окулярів віртуальної реальності
111631124,Кейс VR Accessories для HTC Vive/Vive Pro,0,1990,https://rozetka.com.ua/ua/111631124/p111631124/,Accessories,Аксесуари для окулярів віртуальної реальності
111631148,Захисні лінзи VR Accessories для HTC Vive,0,190,https://rozetka.com.ua/ua/111631148/p111631148/,Accessories,Аксесуари для окулярів віртуальної реальності
111631184,HTC Vive Tracker 2.0,0,6120,https://rozetka.com.ua/ua/111631184/p111631184/,HTC,Аксесуари для окулярів віртуальної реальності
111631220,Контролер для HTC Vive Pro,0,11790,https://rozetka.com.ua/ua/111631220/p111631220/,HTC,Аксесуари для окулярів віртуальної реальності
111631106,Захисний комплект чохлів VR Accessories для HTC Vive,0,1950,https://rozetka.com.ua/ua/111631106/p111631106/,Accessories,Аксесуари для окулярів віртуальної реальності
147957524,Набір ракеток для HTC Vive + Vive Tracker,0,8120,https://rozetka.com.ua/ua/147957524/p147957524/,HTC,Аксесуари для окулярів віртуальної реальності
