Domain,BL,DP,ABY,ACR,Dmoz,C,N,O,D,Reg,RDT,Traffic,Valuation,Price,Bids,Endtime
BinaryBeats.com,2,3,2004,65,-,registered,registered,available,available,4,7,0,0 USD,Make Offer,2,24m 36s
vandor.com,3,1,2001,102,-,registered,registered,registered,registered,26,351,0,0 USD,Make Offer,3,24m 36s
blaztr.com,0,0,2011,24,-,registered,available,available,available,1,6,0,0 USD,Make Offer,1,24m 36s
FatherSlaw.com,0,0,1998,64,-,registered,available,available,available,2,14,0,0 USD,"10,000 USD",1,24m 36s
mecw.com,0,0,2001,45,-,registered,registered,registered,registered,11,113,0,0 USD,Make Offer,26,24m 36s
pygo.com,0,0,2001,68,-,registered,registered,registered,registered,36,312,0,0 USD,Make Offer,14,24m 36s
PioneerEats.com,9,0,2005,15,-,registered,available,available,available,1,2,0,0 USD,Make Offer,2,24m 36s
Bass-Player.com,35,1,1999,75,-,registered,available,available,available,2,4,0,0 USD,Make Offer,1,24m 36s
xdz.org,4,0,2001,27,-,registered,registered,registered,registered,36,0,0,0 USD,Make Offer,2,24m 36s
3na.org,2,1,2010,6,-,registered,registered,registered,registered,22,0,0,0 USD,Make Offer,7,24m 36s
Train.info,1,0,2002,123,-,registered,registered,registered,registered,257,53.8 K,0,0 USD,Make Offer,11,24m 36s
DigitalDoctors.com,24,3,2001,86,-,registered,registered,registered,registered,27,27,0,0 USD,Make Offer,9,24m 36s
discountvoip.com,8,0,2007,33,-,registered,available,available,registered,4,4,0,0 USD,Make Offer,5,24m 36s
Food4Vegans.com,0,0,2011,14,-,registered,available,available,available,1,2,0,0 USD,Make Offer,3,24m 36s
HolidayAirTravel.com,0,0,2004,19,-,registered,available,available,available,1,2,0,0 USD,Make Offer,1,24m 36s
SpanishDominatrix.com,0,0,2011,9,-,registered,available,available,available,1,2,0,0 USD,Make Offer,1,24m 36s
FallriverDentist.com,0,0,2004,20,-,registered,available,available,available,1,5,0,0 USD,Make Offer,1,24m 36s
NewnanDentist.com,0,0,2004,16,-,registered,available,available,available,1,4,0,0 USD,Make Offer,4,24m 36s
AshvilleDentist.com,0,0,2004,20,-,registered,available,available,available,1,13,0,0 USD,Make Offer,1,24m 36s
HyannisDentist.com,0,0,2013,14,-,registered,available,available,available,1,2,0,0 USD,Make Offer,1,24m 36s
BrocktonDentist.com,0,0,2004,17,-,registered,available,available,available,1,6,0,0 USD,Make Offer,1,24m 36s
DunwoodyDentist.com,0,0,2001,24,-,registered,registered,available,available,2,7,0,0 USD,Make Offer,1,24m 36s
WakefieldDentist.com,0,0,2011,11,-,registered,registered,available,available,2,6,0,0 USD,Make Offer,4,24m 36s
Scuba-Divers.com,0,0,2001,44,-,registered,registered,registered,registered,6,13,0,0 USD,Make Offer,6,24m 36s
Kitchen-Knife.net,0,0,2011,9,-,registered,registered,available,available,4,12,0,0 USD,Make Offer,1,24m 36s
DirtyOil.com,0,0,2004,17,-,registered,available,available,available,3,19,0,0 USD,Make Offer,1,24m 30s
InternetChamp.com,0,0,2004,14,-,registered,available,available,available,1,8,0,0 USD,Make Offer,3,24m 30s
RatingWeb.com,1,0,2003,66,-,registered,available,available,registered,4,11,0,0 USD,Make Offer,5,24m 30s
SaleSandLeads.com,1,0,2004,52,-,registered,available,available,available,2,6,0,0 USD,Make Offer,4,24m 30s
RatingsWeb.com,0,0,2014,11,-,registered,available,available,available,1,3,0,0 USD,Make Offer,5,24m 30s
WorthlessMoney.com,0,0,2011,9,-,registered,available,available,available,1,2,0,0 USD,Make Offer,1,24m 30s
erstebank.me,87.5 K,47,-,0,-,registered,registered,registered,registered,26,41,0,0 USD,Make Offer,2,24m 30s
AndoverDentist.com,0,0,2004,18,-,registered,available,available,available,1,7,0,0 USD,Make Offer,1,24m 30s
DaltonDentist.com,0,0,2004,23,-,registered,available,available,available,1,6,0,0 USD,Make Offer,3,24m 30s
KennesawDentist.com,0,0,2004,19,-,registered,registered,registered,available,4,12,0,0 USD,Make Offer,1,24m 30s
ShoppingCartExpress.com,0,0,2014,10,-,registered,available,available,available,1,2,0,0 USD,Make Offer,1,24m 30s
ApproveUs.com,0,0,2014,12,-,registered,available,available,available,1,6,0,0 USD,Make Offer,1,24m 30s
DirectTelecommunications.com,0,0,2013,21,-,registered,available,available,available,2,2,0,0 USD,Make Offer,1,24m 30s
RefinanceService.com,0,0,2007,16,-,registered,available,available,available,1,6,0,0 USD,Make Offer,1,24m 30s
MyDebtGuide.com,2,2,2003,77,-,registered,available,available,available,1,2,0,0 USD,Make Offer,1,24m 30s
DiscountDomainsOnline.com,0,0,2003,15,-,registered,available,available,available,1,2,0,0 USD,Make Offer,1,24m 30s
DiscountTimes.com,2,0,2013,12,-,registered,available,available,available,1,10,0,0 USD,Make Offer,1,24m 30s
DiscountDomainMall.com,0,1,2013,14,-,registered,available,available,available,1,2,0,0 USD,Make Offer,1,24m 30s
RankingWeb.com,0,0,2001,17,-,registered,registered,registered,registered,8,16,0,0 USD,Make Offer,5,24m 30s
BestTelecommunications.com,0,0,2004,20,-,registered,available,available,available,2,2,0,0 USD,Make Offer,1,24m 30s
NationalZone.com,0,0,2013,12,-,registered,available,available,available,2,7,0,0 USD,Make Offer,1,24m 30s
ShoppingCartWorld.com,0,0,2014,9,-,available,available,available,available,0,0,0,0 USD,Make Offer,1,24m 30s
WholesaleFirearms.com,0,0,2003,15,-,registered,registered,available,available,2,8,0,0 USD,Make Offer,4,24m 30s
oooo.biz,0,0,2004,16,-,registered,registered,registered,registered,156,2.5 K,0,0 USD,Make Offer,3,24m 30s
NoBrokers.eu,0,0,-,0,-,registered,registered,registered,registered,21,67,0,0 USD,Make Offer,1,24m 30s
1080.ca,0,1,2008,14,-,registered,registered,registered,registered,105,1.8 K,0,0 USD,Make Offer,1,24m 26s
IncomeBlueprint.com,2,0,2005,3,-,registered,available,available,available,4,61,0,0 USD,Make Offer,6,24m 26s
mtopay.com,0,0,2013,12,-,registered,available,available,available,1,16,0,0 USD,Make Offer,3,24m 26s
SporTin.com,8,2,2001,75,-,registered,registered,registered,registered,63,5.3 K,0,0 USD,Make Offer,1,24m 26s
PropertyRedo.com,0,0,-,0,-,registered,available,available,available,1,3,0,0 USD,Make Offer,4,24m 26s
NoBrokers.ca,0,1,-,0,-,registered,registered,registered,registered,21,66,0,0 USD,Make Offer,1,24m 26s
Unsavored.com,0,0,-,0,-,registered,available,available,available,1,2,0,0 USD,Make Offer,1,24m 26s
ForestHealthInitiative.org,97,20,2010,111,-,available,available,registered,available,1,2,0,0 USD,349 USD,1,3h 24m
ebuypro.com,0,0,2000,70,-,registered,available,available,available,3,19,0,0 USD,Make Offer,2,6h 24m
YachtHot.com,0,0,2013,11,-,registered,available,available,available,1,21,0,0 USD,Make Offer,4,6h 24m
TackleOutlet.com,0,0,1999,14,-,registered,registered,available,available,4,18,0,0 USD,Make Offer,1,6h 24m
hrwindow.com,0,0,2004,61,-,registered,available,available,available,4,12,0,0 USD,Make Offer,2,6h 24m
amfree.com,4,1,-,0,-,registered,available,registered,available,14,297,0,0 USD,Make Offer,2,6h 27m
CakeOnline.com,2,0,2008,62,-,registered,available,available,registered,16,62,0,0 USD,Make Offer,2,6h 28m
CapitalAdvisor.com,0,0,2001,29,-,registered,registered,registered,registered,16,232,0,0 USD,Make Offer,7,6h 30m
CashMoneyNow.com,0,0,2001,23,-,registered,registered,available,available,8,10,0,0 USD,Make Offer,1,6h 31m
CelebritySlim.com,59,0,-,0,-,registered,registered,registered,available,16,12,0,0 USD,Make Offer,1,6h 32m
beautymd.com,675,235,2002,147,-,registered,registered,available,available,10,112,0,0 USD,Make Offer,9,6h 34m
Meme.es,0,0,2016,5,-,registered,registered,registered,registered,397,17.3 K,0,0 USD,Make Offer,3,7h 8m
PortCity.co.uk,0,0,2016,4,-,registered,registered,registered,registered,52,1.6 K,0,0 USD,Make Offer,2,7h 12m
ProVegan.co.uk,0,0,2018,1,-,registered,registered,registered,registered,17,28,0,0 USD,Make Offer,2,7h 20m
tnvideo.com,91,1,1998,315,-,registered,available,available,available,3,19,0,0 USD,Make Offer,2,7h 24m
encuentraabogados.com,0,0,2007,27,-,registered,available,available,available,1,2,0,0 USD,Make Offer,1,7h 24m
IndividualEmpowerment.com,0,0,2011,14,-,registered,available,registered,available,2,4,0,0 USD,Make Offer,2,7h 24m
cakeh.com,16,0,2010,29,-,registered,available,available,available,1,268,0,0 USD,Make Offer,5,7h 24m
WayTicket.com,0,0,2001,72,-,registered,available,available,available,4,71,0,0 USD,Make Offer,1,7h 24m
GymRank.com,0,0,2004,21,-,registered,available,available,available,3,7,0,0 USD,Make Offer,3,7h 24m
safemoneywebinars.com,0,0,2018,2,-,registered,available,available,available,1,2,0,0 USD,Make Offer,7,7h 24m
efas.com,2,0,2001,85,-,registered,registered,registered,registered,51,1.1 K,0,0 USD,Make Offer,5,7h 25m
preparaciondeimpuestos.com,0,0,2008,33,-,registered,registered,available,available,2,6,0,0 USD,Make Offer,4,7h 25m
FuckAuthority.com,0,0,2000,45,-,registered,available,registered,available,2,4,0,0 USD,Make Offer,1,7h 25m
GemClinic.com,2,1,2009,60,-,registered,available,registered,available,6,7,0,0 USD,Make Offer,3,7h 27m
EntireSupply.com,0,0,2014,9,-,registered,available,available,available,2,3,0,0 USD,Make Offer,2,7h 28m
GetSummary.com,0,0,2015,8,-,registered,available,available,available,2,4,0,0 USD,Make Offer,1,7h 28m
GotHemp.com,0,0,2001,55,-,registered,registered,available,available,8,44,0,0 USD,Make Offer,18,7h 31m
DecorFair.com,99,7,2008,126,-,registered,available,available,available,1,6,0,0 USD,Make Offer,1,7h 31m
ExtraProtein.com,0,0,2010,12,-,registered,available,available,registered,1,2,0,0 USD,Make Offer,1,7h 31m
GotLoyalty.com,0,0,2001,17,-,registered,available,registered,available,2,5,0,0 USD,Make Offer,1,7h 31m
Silver.es,12,1,2017,7,-,registered,registered,registered,registered,355,81.7 K,0,0 USD,Make Offer,3,7h 31m
FashionSpace.com,1.7 K,249,1999,275,-,registered,registered,registered,registered,29,47,0,0 USD,Make Offer,2,7h 32m
asesorfinanciero.org,0,0,2011,13,-,registered,registered,registered,available,20,56,0,0 USD,Make Offer,1,7h 33m
diamondtv.com,0,0,2002,59,-,registered,registered,available,registered,25,26,0,0 USD,Make Offer,1,7h 33m
drvapes.com,0,0,2016,5,-,registered,available,available,registered,7,3,0,0 USD,Make Offer,1,7h 38m
BugsInsects.net,926,8,2008,50,-,registered,registered,available,available,2,4,0,0 USD,Make Offer,5,7h 51m
PlayingCardGames.net,1.6 K,4,2008,31,-,registered,registered,available,available,2,5,0,0 USD,Make Offer,10,7h 57m
StoriesPoetry.com,2.3 K,6,2007,34,-,registered,available,available,available,1,2,0,0 USD,Make Offer,2,7h 59m
BestsMarThomeDevices.com,7,2,2017,5,-,registered,available,available,available,3,4,0,0 USD,Make Offer,1,8h 1m
pafk.com,2,0,2001,42,-,registered,registered,registered,registered,6,52,0,0 USD,Make Offer,1,8h 4m
FreeRoamGames.com,0,0,2011,11,-,available,available,available,available,0,0,0,0 USD,Make Offer,2,8h 4m
SpecialBike.com,118,1,2002,158,-,registered,available,registered,registered,9,14,0,0 USD,Make Offer,2,8h 5m
WhiteNight.com,298,22,1996,261,-,registered,registered,registered,registered,46,130,0,0 USD,Make Offer,4,8h 14m
AccountingOfficer.com,0,0,2013,9,-,registered,available,available,available,1,3,0,0 USD,Make Offer,1,8h 24m
BakuPass.com,0,0,2011,11,-,registered,available,available,available,1,2,0,0 USD,Make Offer,2,8h 24m
BirminghamPass.com,0,0,2014,13,-,registered,available,available,available,1,3,2,0 USD,Make Offer,1,8h 24m
BangalorePass.com,0,0,2018,3,-,registered,available,available,available,1,4,0,0 USD,Make Offer,1,8h 24m
duvalproperty.com,0,0,2001,17,-,registered,available,available,available,2,6,2,0 USD,Make Offer,3,8h 24m
WholesaleBeard.com,0,0,2018,2,-,registered,available,available,available,1,6,0,0 USD,Make Offer,1,8h 24m
BlockChainUltimate.com,0,0,2018,4,-,registered,available,available,available,1,2,0,0 USD,Make Offer,1,8h 24m
EnigmaMetaVerse.com,0,0,-,0,-,registered,available,registered,available,3,4,0,0 USD,Make Offer,3,8h 24m
BumblePigs.com,4.4 K,248,2008,123,-,registered,available,available,available,1,2,0,0 USD,125 USD,1,8h 25m
MiamibeachBikeRental.com,0,0,2011,9,-,registered,available,available,available,1,3,1,0 USD,Make Offer,1,8h 25m
JakartaPass.com,0,0,2018,2,-,registered,available,available,available,1,2,0,0 USD,Make Offer,1,8h 25m
ChennaiPass.com,0,0,2015,6,-,registered,available,available,available,1,4,0,0 USD,Make Offer,2,8h 25m
IzmirPass.com,0,0,2011,9,-,registered,available,available,available,1,2,0,0 USD,Make Offer,7,8h 25m
DelhiPass.com,0,0,2018,2,-,registered,available,available,available,1,2,0,0 USD,Make Offer,4,8h 25m
ColumbusPass.com,0,0,2018,2,-,registered,available,available,available,1,4,0,0 USD,Make Offer,1,8h 25m
KolkataPass.com,0,0,2018,2,-,registered,available,available,available,1,3,2,0 USD,Make Offer,1,8h 25m
MilwaukeePass.com,0,0,2018,2,-,registered,available,available,available,1,2,0,0 USD,Make Offer,1,8h 25m
MumbaiPass.com,0,0,2018,2,-,registered,available,available,available,1,4,1,0 USD,Make Offer,2,8h 25m
NagoyaPass.com,0,0,2018,2,-,registered,available,available,available,1,2,0,0 USD,Make Offer,2,8h 25m
HyderabadPass.com,0,0,2018,2,-,registered,available,available,available,1,3,0,0 USD,Make Offer,2,8h 25m
JohannesburgPass.com,0,0,2015,9,-,registered,available,available,available,1,2,3,0 USD,Make Offer,4,8h 25m
SanjuanPass.com,0,0,2018,2,-,registered,available,available,available,1,5,0,0 USD,Make Offer,1,8h 26m
OnEstopChicago.com,0,0,2002,45,-,registered,available,available,available,1,2,1,0 USD,Make Offer,2,8h 26m
PunePass.com,0,0,2018,2,-,registered,available,available,available,1,3,0,0 USD,Make Offer,1,8h 26m
RaleighPass.com,0,0,2018,2,-,registered,available,available,available,1,2,0,0 USD,Make Offer,3,8h 26m
RotterdamPass.com,0,0,2018,2,-,registered,available,available,available,1,2,0,0 USD,Make Offer,2,8h 26m
TashkentPass.com,0,0,2018,2,-,registered,available,available,available,1,2,0,0 USD,Make Offer,8,8h 26m
TunisPass.com,0,0,2018,2,-,registered,available,available,available,1,2,0,0 USD,Make Offer,3,8h 26m
YokohamaPass.com,0,0,2018,2,-,registered,available,available,available,1,2,0,0 USD,Make Offer,2,8h 26m
WeedBuyer.com,0,0,2011,5,-,registered,available,available,available,1,7,0,0 USD,Make Offer,4,8h 27m
njdefenselaw.com,0,0,2004,19,-,registered,registered,registered,available,5,10,0,0 USD,Make Offer,1,8h 32m
vidarbha.com,0,0,1998,52,-,registered,registered,registered,available,8,145,0,0 USD,Make Offer,2,9h 9m
HomebuyersFinancial.com,0,0,2011,23,-,registered,available,available,available,1,2,0,0 USD,Make Offer,1,9h 24m
360Australia.com,5,1,2004,46,-,registered,available,available,available,3,9,0,0 USD,Make Offer,1,9h 24m
360Place.com,9,3,2004,45,-,registered,available,available,available,5,12,0,0 USD,Make Offer,5,9h 24m
360Industry.com,19,4,2004,60,-,registered,available,available,available,2,5,0,0 USD,Make Offer,1,9h 24m
360Promo.com,930,54,2002,220,-,registered,registered,available,available,7,30,0,0 USD,Make Offer,11,9h 24m
360Africa.com,5,1,2004,53,-,registered,registered,registered,available,8,34,0,0 USD,Make Offer,15,9h 24m
360Bikini.com,6,3,2002,103,-,registered,available,available,available,1,3,0,0 USD,Make Offer,1,9h 24m
360Man.com,1,1,2004,25,-,registered,registered,available,available,3,94,0,0 USD,Make Offer,1,9h 24m
360Estate.com,7,3,2002,54,-,registered,available,available,available,4,21,0,0 USD,Make Offer,5,9h 24m
360Warehouse.com,4,2,2004,28,-,registered,registered,available,available,4,7,0,0 USD,Make Offer,1,9h 24m
360Promotion.com,5,2,2008,23,-,registered,available,available,registered,6,9,0,0 USD,Make Offer,1,9h 24m
360Developer.com,4,1,-,0,-,registered,available,available,available,2,5,0,0 USD,Make Offer,1,9h 24m
360Inspect.com,8,4,2008,19,-,registered,registered,available,available,4,47,0,0 USD,Make Offer,11,9h 24m
360Expo.com,8,4,2002,33,-,registered,registered,registered,registered,17,39,0,0 USD,Make Offer,5,9h 24m
PhoneNotes.com,0,0,2013,9,-,registered,registered,registered,available,3,9,0,0 USD,Make Offer,6,9h 24m
Pilot.cc,0,0,2013,17,-,registered,registered,registered,registered,327,24.4 K,0,0 USD,Make Offer,8,9h 24m
BestInterview.com,0,0,2010,14,-,registered,available,available,available,4,23,0,0 USD,Make Offer,4,9h 24m
AussieEscorts.com,0,0,2002,76,-,registered,available,available,available,1,3,0,0 USD,Make Offer,1,9h 24m
CocktailTools.com,0,0,2004,12,-,registered,available,available,available,2,3,0,"1,317 USD",12 USD,1,9h 24m
flxsolar.com,0,0,2018,1,-,registered,available,available,available,1,2,0,0 USD,Make Offer,9,9h 24m
valvaqmexico.com,25,0,2021,4,-,registered,available,available,available,1,2,26,398 USD,10 USD,1,9h 24m
OrlandoBalloonRides.com,2.5 K,78,2007,268,Yes,registered,available,available,available,2,3,256,960 USD,"1,275 USD",30,9h 25m
laurabonckhomes.com,1,1,2018,21,-,registered,available,available,available,1,2,41,54 USD,10 USD,1,9h 25m
UltravioletCommunications.com,9,0,2001,38,-,registered,available,available,available,1,2,12,892 USD,10 USD,1,9h 26m
harveysrv.com,55,3,2001,102,-,registered,available,available,available,1,3,35,"1,196 USD",10 USD,1,9h 27m
TurkeyTruck.com,0,0,2013,9,-,registered,available,available,available,1,7,0,0 USD,Make Offer,2,9h 27m
DahabTrip.com,0,0,2021,1,-,registered,available,available,available,1,4,120,"1,365 USD",12 USD,1,9h 27m
inversionesrivadeneira.com,139,0,2018,29,-,registered,registered,available,available,1,2,8,339 USD,10 USD,1,9h 27m
enotecagattomilano.com,20,1,2021,9,-,registered,available,available,available,1,2,271,162 USD,12 USD,1,9h 27m
ner-hija.com,9,0,2021,2,-,registered,available,available,available,1,2,1,292 USD,10 USD,1,9h 27m
Super-1.com,173,8,2003,272,-,registered,available,available,available,3,15,80,"1,181 USD",10 USD,1,9h 28m
elko.net,77,17,1996,492,Yes,registered,registered,registered,registered,95,2.4 K,0,"2,605 USD",12 USD,1,9h 28m
DessertTray.com,0,0,2007,21,-,registered,available,available,available,1,7,0,0 USD,Make Offer,2,9h 28m
kclpower.com,5,1,2004,43,-,registered,available,available,available,1,2,13,"1,409 USD",10 USD,1,9h 29m
YumaHigh.com,15,1,-,0,-,registered,available,available,available,1,7,2,"1,286 USD",10 USD,1,9h 29m
hujiconnect.com,17,3,2014,46,-,registered,available,available,available,1,2,0,492 USD,10 USD,1,9h 29m
ntxautofinance.com,1,0,2018,5,-,registered,available,available,available,1,2,67,940 USD,10 USD,1,9h 29m
True-At.com,4,0,2021,2,-,registered,available,available,available,1,15,0,914 USD,10 USD,1,9h 29m
97Yin.com,2,0,2010,25,-,registered,registered,available,available,3,12,0,"1,784 USD",12 USD,1,9h 30m
GoAirlines.com,0,0,2000,190,-,registered,available,registered,available,10,67,0,0 USD,Make Offer,1,9h 30m
MicraSoft.net,0,0,2001,35,-,registered,registered,registered,registered,17,27,8,911 USD,10 USD,1,9h 30m
yztongspa.com,3.9 K,14,2020,7,-,registered,available,available,available,1,2,742,712 USD,10 USD,1,9h 30m
WomenAndBirth.com,0,0,2012,31,-,registered,available,registered,available,2,5,0,"1,877 USD",12 USD,1,9h 31m
ChicagoAreaAmputees.org,110,4,2015,64,-,registered,available,registered,available,2,4,26,270 USD,10 USD,1,9h 31m
bodiedbydanielle.com,18,0,2021,7,-,registered,available,available,available,1,2,2,387 USD,10 USD,1,9h 31m
59qp.com,0,0,2013,11,-,registered,available,available,available,2,20,4,"1,816 USD",25 USD,4,9h 32m
52nss.com,14,0,2012,30,-,registered,available,available,available,1,3,0,"1,089 USD",10 USD,1,9h 32m
zaleem.com,0,0,2013,4,-,registered,available,available,available,1,5,0,"1,222 USD",10 USD,1,9h 32m
pediatricsnbc.com,40,0,2011,27,-,registered,available,available,available,1,2,43,"1,200 USD",10 USD,1,9h 32m
OwlHive.com,2.1 K,2,2020,4,-,registered,available,available,available,3,3,33,"1,558 USD",10 USD,1,9h 32m
rimaoooo.com,1,0,2020,3,-,registered,available,available,available,1,2,6,787 USD,10 USD,1,9h 32m
MusicMidtown2022.com,2,0,2021,2,-,registered,available,available,available,1,2,0,336 USD,10 USD,1,9h 32m
nawicomaha.com,69,2,2010,65,-,registered,available,registered,available,2,4,0,753 USD,10 USD,1,9h 33m
fuyudesign.com,0,0,2013,7,-,registered,available,available,available,1,2,0,"1,087 USD",10 USD,1,9h 33m
LearnTheTools.com,0,0,-,0,-,registered,available,available,available,1,2,146,"1,260 USD",10 USD,1,9h 33m
Thai-Sexy-Holiday.com,13,1,2016,100,-,registered,available,available,available,1,2,0,148 USD,10 USD,1,9h 33m
bdtechdaily.com,2.7 K,3,2008,64,-,registered,available,available,available,1,2,13,840 USD,10 USD,1,9h 34m
ChatIndia.org,29,0,2011,136,-,registered,registered,registered,available,6,20,0,"1,078 USD",10 USD,1,9h 34m
SteamGifts.co,273,15,2015,56,-,registered,registered,registered,registered,16,14,0,32 USD,10 USD,1,9h 34m
YesterdaysCafeRutledge.net,20,1,2015,25,-,registered,registered,available,available,2,4,17,3 USD,10 USD,1,9h 34m
lesbians4vasko.org,0,0,2022,1,-,available,available,registered,available,1,2,0,2 USD,10 USD,1,9h 34m
Mac-Connect.com,204,8,2004,81,-,registered,registered,available,registered,4,6,74,"1,100 USD",10 USD,1,9h 35m
PredictWallStreet.com,2.0 K,85,2001,588,Yes,registered,available,available,available,1,2,2,"2,361 USD",452 USD,23,9h 35m
SunnysideAutoGroup.net,39,1,2008,63,-,registered,registered,available,available,2,4,0,73 USD,10 USD,1,9h 35m
tswsw.com,9,2,2013,16,-,registered,available,available,available,1,3,9,610 USD,10 USD,1,9h 35m
gnoveva.com,1,0,2013,30,-,registered,available,available,available,1,2,20,969 USD,10 USD,1,9h 35m
ojamapp.com,49,0,2016,64,-,registered,available,available,available,1,6,22,"1,298 USD",10 USD,1,9h 35m
elsazondelasamericasnj.com,2,0,2018,24,-,registered,available,available,available,1,2,26,125 USD,10 USD,1,9h 35m
8Meta.net,0,0,2021,1,-,registered,registered,registered,registered,37,124,0,356 USD,10 USD,1,9h 36m
nolimitsapparell.com,0,0,2021,2,-,registered,available,available,available,1,2,64,433 USD,12 USD,1,9h 36m
EventsHigh.com,16.3 K,287,2014,169,-,registered,available,available,available,2,3,0,"2,452 USD","2,000 USD",27,9h 37m
KiddyClinic.com,13,0,2010,22,-,registered,registered,available,available,2,5,111,"1,468 USD",40 USD,3,9h 38m
NonIsSherwood.com,42,1,2013,60,-,registered,available,available,available,1,2,776,518 USD,55 USD,5,9h 38m
frescacafeaz.com,58,1,2016,33,-,registered,available,available,available,1,2,398,432 USD,135 USD,7,9h 38m
ennobin.com,29,25,2017,9,-,registered,registered,registered,available,6,9,67,"2,353 USD",10 USD,1,9h 38m
rfyqi.com,64,1,2012,18,-,registered,available,available,available,1,2,0,"1,543 USD",10 USD,1,9h 39m
MamasDoughKent.com,36,1,2018,37,-,registered,available,available,available,1,2,565,288 USD,135 USD,5,9h 39m
RedMapleInn.com,1.2 K,115,-,0,Yes,registered,available,available,available,2,6,50,"1,193 USD",305 USD,29,9h 40m
1x2bet.net,78,11,2010,155,-,registered,registered,available,registered,16,54,24,0 USD,10 USD,1,9h 40m
mayacder.com,21.6 K,0,2010,71,-,registered,available,available,available,1,2,33,602 USD,15 USD,2,9h 40m
lospollosbravos.com,3,0,2021,5,-,registered,available,available,available,1,2,67,582 USD,10 USD,1,9h 41m
ubeatlife.com,0,0,2020,12,-,registered,available,available,available,1,2,0,897 USD,10 USD,1,9h 41m
RealRelate.com,0,0,2013,10,-,registered,available,available,available,1,6,0,"1,428 USD",10 USD,1,9h 42m
tuaperitivo.com,1.8 K,27,2013,100,-,registered,available,available,available,2,3,48,"1,569 USD",10 USD,1,9h 42m
TheKiwiApproach.com,17,0,2021,2,-,registered,available,available,available,1,2,15,834 USD,10 USD,1,9h 43m
clinadent.co,0,0,2021,1,-,registered,registered,available,available,5,7,0,10 USD,10 USD,1,9h 43m
Unpinked.com,0,0,2011,3,-,registered,registered,registered,registered,5,6,0,"2,878 USD",30 USD,3,9h 44m
fongfongkei.com,0,0,2018,3,-,registered,available,available,available,1,2,39,249 USD,10 USD,1,9h 44m
jasonswheels.org,53,0,2020,19,-,available,available,registered,available,1,2,24,251 USD,10 USD,1,9h 44m
armyanchrist.com,0,0,2019,8,-,registered,available,available,available,1,2,15,723 USD,10 USD,1,9h 44m
jav-shaved.com,5.4 K,0,2020,18,-,registered,available,available,available,1,2,0,189 USD,10 USD,1,9h 44m
JurassicSwap.com,0,0,2021,1,-,registered,available,available,available,1,2,0,"1,182 USD",12 USD,1,9h 44m
traficodigitales.com,0,0,2021,4,-,registered,available,available,available,1,2,9,732 USD,10 USD,1,9h 44m
wichitarvshow.com,29,5,2006,57,-,registered,available,available,available,1,2,7,664 USD,15 USD,2,9h 45m
lavilladubifteck.com,38,2,2013,26,-,registered,available,available,available,1,2,43,212 USD,10 USD,1,9h 45m
SonOfMarcus.com,0,0,2021,1,-,registered,available,available,available,1,2,28,810 USD,10 USD,1,9h 45m
FourPawsWrecking.com,4,2,2007,85,-,registered,available,available,available,1,2,193,565 USD,55 USD,3,9h 46m
kapsupply.com,0,0,2010,2,-,registered,available,available,available,2,2,11,"1,621 USD",10 USD,1,9h 46m
Fiat126.com,0,0,2000,33,-,registered,registered,available,registered,15,12,0,"4,373 USD",12 USD,1,9h 46m
BearDazzle.com,83,0,2018,5,-,registered,available,available,available,1,4,0,"1,190 USD",10 USD,1,9h 46m
autoscuolagianicolense.com,7,0,2016,7,-,registered,available,available,available,1,2,52,156 USD,10 USD,1,9h 46m
bdiptv.info,21,15,-,0,-,registered,registered,available,registered,12,6,7,0 USD,10 USD,1,9h 46m
castiofarms.com,0,0,2021,4,-,registered,available,available,available,1,3,0,682 USD,10 USD,1,9h 46m
houseofxvanity.com,0,0,2021,2,-,registered,available,available,available,1,2,15,542 USD,10 USD,1,9h 47m
Wen-Distinction.com,80,0,2021,2,-,registered,available,available,available,1,2,6,229 USD,10 USD,1,9h 47m
ctlawcollege.com,0,0,2021,1,-,registered,available,available,available,1,4,28,"1,050 USD",10 USD,1,9h 47m
BudgieStore.com,1,0,2021,10,-,registered,available,available,available,1,2,26,"1,260 USD",10 USD,1,9h 48m
krai.org,0,0,2013,13,-,registered,registered,registered,registered,34,1.4 K,7,"1,643 USD",12 USD,1,9h 49m
FedRep.info,0,1,2016,31,-,registered,available,available,registered,4,22,29,21 USD,10 USD,1,9h 49m
GetMenTee.com,35,5,2018,49,-,registered,available,available,available,1,3,62,"1,192 USD",10 USD,1,9h 49m
HindiIs.com,79,0,2011,12,-,registered,available,available,available,1,6,7,"1,269 USD",10 USD,1,9h 50m
losabogadosparati.com,2,0,2018,2,-,registered,available,available,available,1,2,17,660 USD,10 USD,1,9h 50m
bdol568.net,0,0,2021,2,-,available,registered,available,available,1,2,67,0 USD,10 USD,1,9h 50m
RestaurantGames.com,7,2,2006,48,-,registered,registered,available,available,2,8,0,"2,533 USD",10 USD,1,9h 51m
kr-sandbox.com,0,0,2021,1,-,registered,available,available,available,1,4,65,229 USD,10 USD,1,9h 51m
SaharaHookah.org,0,0,2021,2,-,registered,registered,registered,available,4,7,83,740 USD,10 USD,1,9h 51m
DrywallInstallationHouston.com,493,0,-,0,-,registered,available,available,available,1,3,0,648 USD,92 USD,17,9h 52m
artofametefe.com,0,0,2021,2,-,registered,available,available,available,1,2,33,201 USD,10 USD,1,9h 52m
naadidesign.com,0,0,2021,9,-,registered,available,available,available,1,2,30,977 USD,10 USD,1,9h 52m
CrazyMalls.com,0,0,2002,64,-,registered,available,available,available,1,2,2,"1,408 USD",10 USD,1,9h 53m
kooperaldarte.org,653,10,2018,3,-,available,available,registered,available,1,2,55,88 USD,10 USD,1,9h 54m
TheSoulScripts.com,349,23,2015,140,-,registered,available,available,available,1,2,530,"1,010 USD",106 USD,17,9h 56m
HippyTrips.com,18,2,2013,88,-,registered,available,available,available,1,3,37,"1,096 USD",10 USD,1,9h 56m
SpaceOdysseyGame.com,2,0,2016,12,-,registered,available,available,available,2,2,13,766 USD,10 USD,1,9h 56m
GrowNom.com,0,0,2020,10,-,registered,available,available,available,2,15,11,"1,778 USD",10 USD,1,9h 56m
Meta-Posts.com,0,0,2021,1,-,registered,available,available,available,1,2,4,868 USD,12 USD,1,9h 56m
twox4.com,341,0,2021,1,-,registered,available,available,available,1,3,0,"1,137 USD",10 USD,1,9h 57m
brucken.com,1,0,2002,33,-,registered,available,available,registered,8,53,0,"2,539 USD",12 USD,1,9h 57m
OriginEnergy.co,0,0,2013,11,-,registered,registered,registered,registered,28,25,0,294 USD,10 USD,1,9h 57m
SelleRone.com,0,0,2001,56,-,registered,registered,available,available,5,12,2,"2,718 USD",12 USD,1,9h 57m
TambaLamin.me,11,1,2013,64,-,registered,registered,registered,available,7,10,35,4 USD,10 USD,1,9h 57m
holonav.com,0,0,2013,12,-,registered,registered,available,available,3,13,0,"1,890 USD",10 USD,1,9h 57m
AlfredAndFriends.com,1,0,2019,8,-,registered,registered,available,registered,6,5,2,"1,221 USD",12 USD,1,9h 58m
shomoz.com,31,0,2021,2,-,registered,available,available,available,1,2,2,"1,215 USD",10 USD,1,9h 58m
YourContentMart.com,28,2,2017,14,-,registered,available,available,available,2,2,0,"1,339 USD",10 USD,1,9h 58m
matv04.com,918,59,2022,8,-,registered,available,available,available,1,2,0,0 USD,10 USD,1,9h 58m
lyhuansheng.com,0,3,2013,18,-,registered,available,available,available,1,2,2,595 USD,10 USD,1,9h 59m
dvin.co,29,0,2021,3,-,registered,registered,registered,registered,35,1.4 K,0,66 USD,10 USD,1,9h 59m
sydhf.net,1.9 K,13,2020,20,-,available,registered,available,available,2,8,0,24 USD,10 USD,1,9h 59m
fanceart.com,1,0,2021,4,-,registered,available,available,available,1,2,9,"1,134 USD",10 USD,1,9h 59m
blogmimizuku.com,0,0,2021,11,-,registered,available,available,available,1,2,0,267 USD,10 USD,1,9h 59m
uitvaart.org,553,98,1997,159,-,registered,registered,registered,registered,51,876,38,"1,425 USD",355 USD,3,10h 0m
AmbushSweden.com,124,22,2016,69,-,registered,available,available,available,1,2,0,"1,109 USD",15 USD,2,10h 0m
newstapri.com,8,1,2021,3,-,registered,available,available,available,1,2,24,"1,080 USD",10 USD,1,10h 0m
AuburnMotorcycleDealer.com,1,0,2021,4,-,registered,available,available,available,1,2,7,703 USD,10 USD,1,10h 0m
lehetosegdaliga.com,9,0,2022,1,-,registered,available,available,available,1,2,0,359 USD,10 USD,1,10h 0m
miaubyclararotescu.com,53,0,2018,10,-,registered,available,available,available,1,2,43,27 USD,10 USD,1,10h 1m
LessBro.com,258,0,2019,7,-,registered,available,available,available,2,14,23,"1,241 USD",10 USD,1,10h 2m
AmericasGotTalent.net,1,0,2010,16,-,registered,registered,available,available,12,19,0,557 USD,10 USD,1,10h 3m
tuvanviettel.com,96,2,2015,116,-,registered,available,available,available,2,2,0,"1,506 USD",10 USD,1,10h 3m
SportsRecoverySystem.com,5,1,2020,22,-,registered,registered,available,available,4,6,47,"1,225 USD",10 USD,1,10h 3m
dozeroaosucessoaulasdeviolao.com,0,0,2021,2,-,registered,available,available,available,1,2,6,3 USD,10 USD,1,10h 3m
ssautogroupla.com,0,0,2021,2,-,registered,available,available,available,1,3,269,628 USD,63 USD,3,10h 4m
indeep-project.org,3.4 K,55,2011,180,-,available,available,registered,available,1,2,0,226 USD,270 USD,13,10h 5m
mhe-erp.com,981,0,2018,12,-,registered,available,available,available,1,2,167,0 USD,10 USD,1,10h 5m
gsttshop.com,22,2,2020,8,-,registered,available,available,available,1,2,30,802 USD,10 USD,1,10h 5m
takeiyusukeofficialline.com,1,0,2021,15,-,registered,available,available,available,1,2,0,88 USD,10 USD,1,10h 5m
dejass.com,10,0,2021,2,-,registered,available,available,available,1,14,1,"1,190 USD",10 USD,1,10h 6m
HealthyMeals.net,0,0,2002,25,-,registered,registered,registered,registered,53,296,0,"2,358 USD",52 USD,10,10h 7m
dilou.net,1,9,2004,17,-,registered,registered,available,available,11,123,2,763 USD,10 USD,1,10h 7m
AffordableCarpet.com,4,0,2001,34,-,registered,available,available,available,1,53,0,"2,048 USD",12 USD,1,10h 7m
colity.co,34,0,2020,9,-,registered,registered,registered,available,7,15,0,5 USD,10 USD,1,10h 8m
karvypms.com,135,1,2017,26,-,registered,available,available,available,1,2,0,0 USD,10 USD,1,10h 8m
AlertInvestigations.com,0,0,2001,41,-,registered,available,available,available,1,2,7,"1,239 USD",12 USD,1,10h 9m
meghaamodi.com,0,0,2021,1,-,registered,available,available,available,2,2,0,443 USD,12 USD,1,10h 9m
PinoMarkets.com,40,0,2021,4,-,registered,available,available,available,1,3,0,"1,281 USD",10 USD,1,10h 9m
nananhiipiano.com,0,0,2021,2,-,registered,available,available,available,1,2,0,207 USD,10 USD,1,10h 9m
